HITId,HITTypeId,Title,Description,Keywords,Reward,CreationTime,MaxAssignments,RequesterAnnotation,AssignmentDurationInSeconds,AutoApprovalDelayInSeconds,Expiration,NumberOfSimilarHITs,LifetimeInSeconds,AssignmentId,WorkerId,AssignmentStatus,AcceptTime,SubmitTime,AutoApprovalTime,ApprovalTime,RejectionTime,RequesterFeedback,WorkTimeInSeconds,LifetimeApprovalRate,Last30DaysApprovalRate,Last7DaysApprovalRate,Input.id,Input.index,Input.text,Input.Annotation,Answer.sentiment.label,Approve,Reject,annotation=gold_HITS_annotation,ACCURACY
3D06DR52257XEDID1VJ1IX19Q62AMC,3WIABKGAUQPI5FMGOCKM90N4CXV6EO,anti-vaccine analysis,please indicate whether the displayed tweet is anti-vaccine or pro-vaccine or neither.,"sentiment, text, vaccine",$0.01,Fri Apr 12 16:58:30 PDT 2019,5,BatchId:233848;OriginalHitTemplateId:921587277;,3600,259200,Fri Apr 19 16:58:30 PDT 2019,,,3R2PKQ87NXWF7FY53LGFNFL8AQJIMW,A5F89ZB75KLBW,Submitted,Fri Apr 12 17:18:59 PDT 2019,Fri Apr 12 17:19:04 PDT 2019,Mon Apr 15 17:19:04 PDT 2019,,,,5,100% (124/124),100% (124/124),100% (124/124),1.12E+18,430,Anthony - I recommend you read this before making up your mind! https://t.co/7pb07Mum0B https://t.co/YKoS9VAJ54,,Neither,,,,1
3DA79LNS59J17N9C1D53H3IVE463TA,3WIABKGAUQPI5FMGOCKM90N4CXV6EO,anti-vaccine analysis,please indicate whether the displayed tweet is anti-vaccine or pro-vaccine or neither.,"sentiment, text, vaccine",$0.01,Fri Apr 12 16:58:36 PDT 2019,5,BatchId:233848;OriginalHitTemplateId:921587277;,3600,259200,Fri Apr 19 16:58:36 PDT 2019,,,3A4NIXBJ77NHXG6BOODSFVD0RUDLMD,A5F89ZB75KLBW,Submitted,Fri Apr 12 17:18:49 PDT 2019,Fri Apr 12 17:18:58 PDT 2019,Mon Apr 15 17:18:58 PDT 2019,,,,9,100% (124/124),100% (124/124),100% (124/124),1.12E+18,156,"RT @utmbnews: Middle East respiratory syndrome, or MERS, can cause fatal respiratory symptoms, systemic infection, multi-organ failure, and‚Ä¶",,Neither,,,,
3QREJ3J433LJK89EDAVBCYPGVD6LK0,3WIABKGAUQPI5FMGOCKM90N4CXV6EO,anti-vaccine analysis,please indicate whether the displayed tweet is anti-vaccine or pro-vaccine or neither.,"sentiment, text, vaccine",$0.01,Fri Apr 12 17:09:50 PDT 2019,5,BatchId:233848;OriginalHitTemplateId:921587277;,3600,259200,Fri Apr 19 17:09:50 PDT 2019,,,39LNWE0K4VKYKN3ECN71EP22NCMIUO,A5F89ZB75KLBW,Submitted,Fri Apr 12 17:25:59 PDT 2019,Fri Apr 12 17:26:03 PDT 2019,Mon Apr 15 17:26:03 PDT 2019,,,,4,100% (124/124),100% (124/124),100% (124/124),1.12E+18,502,RT @SwedeninMZ: Cholera is a water-borne disease that causes almost 100 000 deaths every year ‚Äì the poor are hit the hardest. Sweden @Sida‚Ä¶,neither,Neither,,,TRUE,
3SX4X51T80XLEG3PEBYEA1QEL6HAOR,3WIABKGAUQPI5FMGOCKM90N4CXV6EO,anti-vaccine analysis,please indicate whether the displayed tweet is anti-vaccine or pro-vaccine or neither.,"sentiment, text, vaccine",$0.01,Fri Apr 12 16:58:46 PDT 2019,5,BatchId:233848;OriginalHitTemplateId:921587277;,3600,259200,Fri Apr 19 16:58:46 PDT 2019,,,31LM9EDVOMGHK83BX4GFCVP8SVINJD,A5F89ZB75KLBW,Submitted,Fri Apr 12 17:16:04 PDT 2019,Fri Apr 12 17:16:48 PDT 2019,Mon Apr 15 17:16:48 PDT 2019,,,,44,100% (124/124),100% (124/124),100% (124/124),1.12E+18,210,@realslimsheyla @gorskon @RyanMarino I appreciate that you referred to them as autism eugenecists because I have long felt that to be the greatest flaw of anti-vaccine advocacy that is left all too often unaddressed by those opposed to their pseudoscience bullshit.,,Pro-vaccine,,,,
39HYCOOPKO9VCKLPL5A38Y9FB9ZDMH,3WIABKGAUQPI5FMGOCKM90N4CXV6EO,anti-vaccine analysis,please indicate whether the displayed tweet is anti-vaccine or pro-vaccine or neither.,"sentiment, text, vaccine",$0.01,Fri Apr 12 16:58:46 PDT 2019,5,BatchId:233848;OriginalHitTemplateId:921587277;,3600,259200,Fri Apr 19 16:58:46 PDT 2019,,,3C44YUNSI2D4K7FW3N7WDMZQNQMDPL,A5F89ZB75KLBW,Submitted,Fri Apr 12 17:19:55 PDT 2019,Fri Apr 12 17:19:59 PDT 2019,Mon Apr 15 17:19:59 PDT 2019,,,,4,100% (124/124),100% (124/124),100% (124/124),1.12E+18,211,RT @StephRosenstein: @neiltyson SCIENTISTS: We‚Äôve created this incredible vaccine to help rid humanity of life threatening diseases. RESPON‚Ä¶,,Pro-vaccine,,,,
37SDSEDIN9QMZ039BBGP2E7B27781Y,3WIABKGAUQPI5FMGOCKM90N4CXV6EO,anti-vaccine analysis,please indicate whether the displayed tweet is anti-vaccine or pro-vaccine or neither.,"sentiment, text, vaccine",$0.01,Fri Apr 12 16:58:46 PDT 2019,5,BatchId:233848;OriginalHitTemplateId:921587277;,3600,259200,Fri Apr 19 16:58:46 PDT 2019,,,3PJUZCGDJ747BP3Y5Q0J54LA7V798G,A5F89ZB75KLBW,Submitted,Fri Apr 12 17:06:48 PDT 2019,Fri Apr 12 17:07:10 PDT 2019,Mon Apr 15 17:07:10 PDT 2019,,,,22,100% (124/124),100% (124/124),100% (124/124),1.12E+18,194,@dpmlawfirm ‚ÄúThe best scientific study inadvertently conducted on herd immunity and vaccine shedding in the last 223 years. All 700 sailors vaccinated and there‚Äôs a mumps outbreak.  Oooops!‚Äù https://t.co/iyKaAcud9K,,Anti-vaccine,,,,
3K3IX1W4S6F3ZGFQTBBTZ1V4VBDAP8,3WIABKGAUQPI5FMGOCKM90N4CXV6EO,anti-vaccine analysis,please indicate whether the displayed tweet is anti-vaccine or pro-vaccine or neither.,"sentiment, text, vaccine",$0.01,Fri Apr 12 16:58:59 PDT 2019,5,BatchId:233848;OriginalHitTemplateId:921587277;,3600,259200,Fri Apr 19 16:58:59 PDT 2019,,,3HRMW88U17E40KHPZVR9HBLCOW2M05,A5F89ZB75KLBW,Submitted,Fri Apr 12 17:26:30 PDT 2019,Fri Apr 12 17:26:41 PDT 2019,Mon Apr 15 17:26:41 PDT 2019,,,,11,100% (124/124),100% (124/124),100% (124/124),1.12E+18,236,"RT @MarchofDimes: ""Protecting our children from vaccine-preventable diseases is a collective responsibility. But if we all come together in‚Ä¶",,Pro-vaccine,,,,
3VMHWJRYHV434GYPQI727FSYUQZFXE,3WIABKGAUQPI5FMGOCKM90N4CXV6EO,anti-vaccine analysis,please indicate whether the displayed tweet is anti-vaccine or pro-vaccine or neither.,"sentiment, text, vaccine",$0.01,Fri Apr 12 16:59:02 PDT 2019,5,BatchId:233848;OriginalHitTemplateId:921587277;,3600,259200,Fri Apr 19 16:59:02 PDT 2019,,,3IGI0VL6488VLJU8DH8KKR6URPSNOW,A5F89ZB75KLBW,Submitted,Fri Apr 12 17:21:23 PDT 2019,Fri Apr 12 17:21:34 PDT 2019,Mon Apr 15 17:21:34 PDT 2019,,,,11,100% (124/124),100% (124/124),100% (124/124),1.12E+18,244,RT @DrJenGunter: I am so tired of hearing how influenza isn‚Äôt a ‚Äúbig deal‚Äù from anti vaccine forces. Personal stories can sway opinion. If‚Ä¶,,Pro-vaccine,,,,
3JMQI2OLFZT1U26PX6P3LDYFGZ9DNH,3WIABKGAUQPI5FMGOCKM90N4CXV6EO,anti-vaccine analysis,please indicate whether the displayed tweet is anti-vaccine or pro-vaccine or neither.,"sentiment, text, vaccine",$0.01,Fri Apr 12 16:59:13 PDT 2019,5,BatchId:233848;OriginalHitTemplateId:921587277;,3600,259200,Fri Apr 19 16:59:13 PDT 2019,,,3SB5N7Y3O4S48AL3OSTE461FSAQG0R,A5F89ZB75KLBW,Submitted,Fri Apr 12 17:04:23 PDT 2019,Fri Apr 12 17:04:29 PDT 2019,Mon Apr 15 17:04:29 PDT 2019,,,,6,100% (124/124),100% (124/124),100% (124/124),1.12E+18,13,"@HLN_BE @Maggie_DeBlock, de orde van geneesheren en NVA'er Louis Ide trekken dus liever de kaart van repressie dan die van de wetenschap. Want Gaublomme is niet de enige die het nut van vaccinatie tegen mazelen in twijfel trekt. https://t.co/R69AvyOqDw",,Neither,,,,
3TC2K6WK9GQTOLL5UFG37XHGUDL82F,3WIABKGAUQPI5FMGOCKM90N4CXV6EO,anti-vaccine analysis,please indicate whether the displayed tweet is anti-vaccine or pro-vaccine or neither.,"sentiment, text, vaccine",$0.01,Fri Apr 12 16:59:13 PDT 2019,5,BatchId:233848;OriginalHitTemplateId:921587277;,3600,259200,Fri Apr 19 16:59:13 PDT 2019,,,3KKG4CDWKJM6SOGWTNA6OS5559B949,A5F89ZB75KLBW,Submitted,Fri Apr 12 17:04:05 PDT 2019,Fri Apr 12 17:04:11 PDT 2019,Mon Apr 15 17:04:11 PDT 2019,,,,6,100% (124/124),100% (124/124),100% (124/124),1.12E+18,594,@doctorsensation a social scientist researching vaccine safety. just what the world needed.,anti-vaccine,Anti-vaccine,,,TRUE,
3YZ7A3YHR5H362J1QWO6MVKTQHJ5SD,3WIABKGAUQPI5FMGOCKM90N4CXV6EO,anti-vaccine analysis,please indicate whether the displayed tweet is anti-vaccine or pro-vaccine or neither.,"sentiment, text, vaccine",$0.01,Fri Apr 12 16:59:18 PDT 2019,5,BatchId:233848;OriginalHitTemplateId:921587277;,3600,259200,Fri Apr 19 16:59:18 PDT 2019,,,31HQ4X3T3TYKVBJG8L9ER4C6JJVLSP,A5F89ZB75KLBW,Submitted,Fri Apr 12 17:21:44 PDT 2019,Fri Apr 12 17:21:50 PDT 2019,Mon Apr 15 17:21:50 PDT 2019,,,,6,100% (124/124),100% (124/124),100% (124/124),1.12E+18,14,"RT @business: Bill De Blasio's vaccination order is met with shrugs and defiance in Brooklyn, the center of the city's measles outbreak htt‚Ä¶",,Pro-vaccine,,,,
3J5XXLQDHMZGKFD1685IIL6GBPM3VQ,3WIABKGAUQPI5FMGOCKM90N4CXV6EO,anti-vaccine analysis,please indicate whether the displayed tweet is anti-vaccine or pro-vaccine or neither.,"sentiment, text, vaccine",$0.01,Fri Apr 12 16:59:26 PDT 2019,5,BatchId:233848;OriginalHitTemplateId:921587277;,3600,259200,Fri Apr 19 16:59:26 PDT 2019,,,3MRNMEIQW6UETM0YBVEPW5Q6IGLLDV,A5F89ZB75KLBW,Submitted,Fri Apr 12 17:13:12 PDT 2019,Fri Apr 12 17:13:21 PDT 2019,Mon Apr 15 17:13:21 PDT 2019,,,,9,100% (124/124),100% (124/124),100% (124/124),1.12E+18,318,RT @nypost: How young is too young for the measles vaccine? https://t.co/GxtG7XjoXz https://t.co/Sg5kQ9WQU2,,Pro-vaccine,,,,
3D42WVSDH8JS4LOZVET4QTZ7WWTFYK,3WIABKGAUQPI5FMGOCKM90N4CXV6EO,anti-vaccine analysis,please indicate whether the displayed tweet is anti-vaccine or pro-vaccine or neither.,"sentiment, text, vaccine",$0.01,Fri Apr 12 16:59:18 PDT 2019,5,BatchId:233848;OriginalHitTemplateId:921587277;,3600,259200,Fri Apr 19 16:59:18 PDT 2019,,,3DI28L7YXB26VLAUEG7QI8ZDKMHE1B,A5F89ZB75KLBW,Submitted,Fri Apr 12 17:27:57 PDT 2019,Fri Apr 12 17:28:03 PDT 2019,Mon Apr 15 17:28:03 PDT 2019,,,,6,100% (124/124),100% (124/124),100% (124/124),1.12E+18,352,RT @24BethAnn: @tannersdad @ceestave @vialnews Listening to United Voices: Sherrie Saunders talks about how in the Past the NIH &amp; the CDC c‚Ä¶,,Neither,,,,
3OEWW2KGQJZJCN61YLPG02YK69EDOW,3WIABKGAUQPI5FMGOCKM90N4CXV6EO,anti-vaccine analysis,please indicate whether the displayed tweet is anti-vaccine or pro-vaccine or neither.,"sentiment, text, vaccine",$0.01,Fri Apr 12 16:59:26 PDT 2019,5,BatchId:233848;OriginalHitTemplateId:921587277;,3600,259200,Fri Apr 19 16:59:26 PDT 2019,,,32N49TQG3H6JRK9G5PPTTDG2OBQAV1,A5F89ZB75KLBW,Submitted,Fri Apr 12 17:11:24 PDT 2019,Fri Apr 12 17:11:45 PDT 2019,Mon Apr 15 17:11:45 PDT 2019,,,,21,100% (124/124),100% (124/124),100% (124/124),1.12E+18,195,"@HHSGov @Surgeon_General How about the 9000+ cases of mumps and the two whistle blower scientists at Merck that said Merck committed efficacy fraud to get the Govt contract?  We need trust back in our vaccine program, ASAP!",,Anti-vaccine,,,,
3UUIU9GZC5T4L2WGFWTWW0GFS0X5T2,3WIABKGAUQPI5FMGOCKM90N4CXV6EO,anti-vaccine analysis,please indicate whether the displayed tweet is anti-vaccine or pro-vaccine or neither.,"sentiment, text, vaccine",$0.01,Fri Apr 12 16:59:26 PDT 2019,5,BatchId:233848;OriginalHitTemplateId:921587277;,3600,259200,Fri Apr 19 16:59:26 PDT 2019,,,3ND9UOO81LQD2S0PSQJFOTFRPWRLW4,A5F89ZB75KLBW,Submitted,Fri Apr 12 17:23:47 PDT 2019,Fri Apr 12 17:24:04 PDT 2019,Mon Apr 15 17:24:04 PDT 2019,,,,17,100% (124/124),100% (124/124),100% (124/124),1.12E+18,497,"RT @Wallace_Noll: @DoctorChristian in America data was collected from 8 million women, some who took the vaccine, some who did not, married‚Ä¶",,Neither,,,,
3GKAWYFRAPH1XNI2DL2VP23AGEADPD,3WIABKGAUQPI5FMGOCKM90N4CXV6EO,anti-vaccine analysis,please indicate whether the displayed tweet is anti-vaccine or pro-vaccine or neither.,"sentiment, text, vaccine",$0.01,Fri Apr 12 16:59:27 PDT 2019,5,BatchId:233848;OriginalHitTemplateId:921587277;,3600,259200,Fri Apr 19 16:59:27 PDT 2019,,,3SBEHTYCWORF1WNJMO4QHA8FJ0XIYM,A5F89ZB75KLBW,Submitted,Fri Apr 12 17:28:45 PDT 2019,Fri Apr 12 17:28:58 PDT 2019,Mon Apr 15 17:28:58 PDT 2019,,,,13,100% (124/124),100% (124/124),100% (124/124),1.12E+18,440,"RT @WHO: #ThrowbackThursday to 1980, when global vaccine coverage for #measles was at just 17%.  Today more than 8 in 10 children receive a‚Ä¶",,Pro-vaccine,,,,
3P520RYKCHUJLFB5F1J61W2HBE45UT,3WIABKGAUQPI5FMGOCKM90N4CXV6EO,anti-vaccine analysis,please indicate whether the displayed tweet is anti-vaccine or pro-vaccine or neither.,"sentiment, text, vaccine",$0.01,Fri Apr 12 16:59:30 PDT 2019,5,BatchId:233848;OriginalHitTemplateId:921587277;,3600,259200,Fri Apr 19 16:59:30 PDT 2019,,,36ZN444YTSM37IJHG1VSFJAD5QYIOB,A5F89ZB75KLBW,Submitted,Fri Apr 12 17:21:35 PDT 2019,Fri Apr 12 17:21:39 PDT 2019,Mon Apr 15 17:21:39 PDT 2019,,,,4,100% (124/124),100% (124/124),100% (124/124),1.12E+18,547,"RT @MichelleRempel: Get vaccinated, and vaccinate your children. Herd immunity saves lives. There is no reason for anyone to contract or sp‚Ä¶",pro-vaccine,Pro-vaccine,,,TRUE,
3UL5XDRDNC7LNI4SCYI154KSENC85G,3WIABKGAUQPI5FMGOCKM90N4CXV6EO,anti-vaccine analysis,please indicate whether the displayed tweet is anti-vaccine or pro-vaccine or neither.,"sentiment, text, vaccine",$0.01,Fri Apr 12 16:59:30 PDT 2019,5,BatchId:233848;OriginalHitTemplateId:921587277;,3600,259200,Fri Apr 19 16:59:30 PDT 2019,,,3F6KKYWMNCP4HM3JN8U49XUVNBLNDZ,A5F89ZB75KLBW,Submitted,Fri Apr 12 17:12:45 PDT 2019,Fri Apr 12 17:12:54 PDT 2019,Mon Apr 15 17:12:54 PDT 2019,,,,9,100% (124/124),100% (124/124),100% (124/124),1.12E+18,567,RT @StabellBenn: A very nice and nuances article about non-specific effects of vaccines #NSEvac - where I explain why I have entered the pu‚Ä¶,neither,Neither,,,TRUE,
39WICJI5ATGXTZIB75UL3RJCZ0S3ZQ,3WIABKGAUQPI5FMGOCKM90N4CXV6EO,anti-vaccine analysis,please indicate whether the displayed tweet is anti-vaccine or pro-vaccine or neither.,"sentiment, text, vaccine",$0.01,Fri Apr 12 16:59:44 PDT 2019,5,BatchId:233848;OriginalHitTemplateId:921587277;,3600,259200,Fri Apr 19 16:59:44 PDT 2019,,,3OWEPKL08A0O0D29WVRI95KZ10IN76,A5F89ZB75KLBW,Submitted,Fri Apr 12 17:08:13 PDT 2019,Fri Apr 12 17:08:25 PDT 2019,Mon Apr 15 17:08:25 PDT 2019,,,,12,100% (124/124),100% (124/124),100% (124/124),1.12E+18,268,"RT @GaviSeth: Today is the anniversary of the death of Maurice Hilleman, the American biologist who developed over 40 vaccines. We have him‚Ä¶",,Neither,,,,
356TQKY9XFL0AMIB0RXY3OYO5T787V,3WIABKGAUQPI5FMGOCKM90N4CXV6EO,anti-vaccine analysis,please indicate whether the displayed tweet is anti-vaccine or pro-vaccine or neither.,"sentiment, text, vaccine",$0.01,Fri Apr 12 16:59:47 PDT 2019,5,BatchId:233848;OriginalHitTemplateId:921587277;,3600,259200,Fri Apr 19 16:59:47 PDT 2019,,,386PBUZZXGLRW80QLR00Z3LJN0ILJ9,A5F89ZB75KLBW,Submitted,Fri Apr 12 17:17:31 PDT 2019,Fri Apr 12 17:17:36 PDT 2019,Mon Apr 15 17:17:36 PDT 2019,,,,5,100% (124/124),100% (124/124),100% (124/124),1.12E+18,212,RT @Wallace_Noll: @DoctorChristian YouTube is filled with testimonies from young women who've been rendered permanently ill by this vaccine‚Ä¶,,Anti-vaccine,,,,
3X2LT8FDHW6F01JC8Z5AV4X5YKGW8L,3WIABKGAUQPI5FMGOCKM90N4CXV6EO,anti-vaccine analysis,please indicate whether the displayed tweet is anti-vaccine or pro-vaccine or neither.,"sentiment, text, vaccine",$0.01,Fri Apr 12 17:10:28 PDT 2019,5,BatchId:233848;OriginalHitTemplateId:921587277;,3600,259200,Fri Apr 19 17:10:28 PDT 2019,,,36AHBNMV1S0YTL7XUA3FQDS2RVPDYF,A5F89ZB75KLBW,Submitted,Fri Apr 12 17:25:13 PDT 2019,Fri Apr 12 17:25:20 PDT 2019,Mon Apr 15 17:25:20 PDT 2019,,,,7,100% (124/124),100% (124/124),100% (124/124),1.12E+18,483,Thanks to Ducis  Rodgers and Dave Genova with his friend Mr Vaccine from the Dept of Health for reading to our students @Rupertelem on DEAR Day @pottstownschool @PSDRODRIGUEZ @DavidGenova33 @duciswild @PottstownNews @thesanatogapost @AmyBFrancis https://t.co/0v8d675ai4,,Neither,,,,
3EKTG13IZUREAW9HYM8RRBHKKI1LM5,3WIABKGAUQPI5FMGOCKM90N4CXV6EO,anti-vaccine analysis,please indicate whether the displayed tweet is anti-vaccine or pro-vaccine or neither.,"sentiment, text, vaccine",$0.01,Fri Apr 12 17:10:28 PDT 2019,5,BatchId:233848;OriginalHitTemplateId:921587277;,3600,259200,Fri Apr 19 17:10:28 PDT 2019,,,3LO69W1SU41H56APDLFX2QT3V81GL0,A5F89ZB75KLBW,Submitted,Fri Apr 12 17:25:53 PDT 2019,Fri Apr 12 17:25:58 PDT 2019,Mon Apr 15 17:25:58 PDT 2019,,,,5,100% (124/124),100% (124/124),100% (124/124),1.12E+18,592,@dpmlawfirm I‚Äôm so happy to see an attorney speaking up for the vaccine injured! May God richly bless you sir!!,anti-vaccine,Anti-vaccine,,,TRUE,
3KVQ0UJWPX9WDJ0AA1Y7JKNEWUF5WS,3WIABKGAUQPI5FMGOCKM90N4CXV6EO,anti-vaccine analysis,please indicate whether the displayed tweet is anti-vaccine or pro-vaccine or neither.,"sentiment, text, vaccine",$0.01,Fri Apr 12 16:59:48 PDT 2019,5,BatchId:233848;OriginalHitTemplateId:921587277;,3600,259200,Fri Apr 19 16:59:48 PDT 2019,,,3R0T90IZ1T0O22GJ08MYZ73G1ZNGCK,A5F89ZB75KLBW,Submitted,Fri Apr 12 17:17:20 PDT 2019,Fri Apr 12 17:17:25 PDT 2019,Mon Apr 15 17:17:25 PDT 2019,,,,5,100% (124/124),100% (124/124),100% (124/124),1.12E+18,16,"@jonathanstea @CaulfieldTim @cometeclipse I'll correct your sentence for you:  ""Smart parents do their homework and choose safe vaccinations that have strict 3rd party oversight &amp; testing with transparent results to eliminate vaccine injury and provide support to anyone who may be negatively impacted by their products."" https://t.co/SqZRXyc3Px",,Pro-vaccine,,,,
308KJXFUJRU1R88XASKD4BW1KEYATD,3WIABKGAUQPI5FMGOCKM90N4CXV6EO,anti-vaccine analysis,please indicate whether the displayed tweet is anti-vaccine or pro-vaccine or neither.,"sentiment, text, vaccine",$0.01,Fri Apr 12 16:59:54 PDT 2019,5,BatchId:233848;OriginalHitTemplateId:921587277;,3600,259200,Fri Apr 19 16:59:54 PDT 2019,,,3U0SRXB7CETYIWMO59POEMBZ2CCNR5,A5F89ZB75KLBW,Submitted,Fri Apr 12 17:23:36 PDT 2019,Fri Apr 12 17:23:40 PDT 2019,Mon Apr 15 17:23:40 PDT 2019,,,,4,100% (124/124),100% (124/124),100% (124/124),1.12E+18,458,@MedscapeOnc https://t.co/3Z2EJ7cdEm,,Neither,,,,
30Y6N4AHYPKM90YHQD6KUX3PHWYDR5,3WIABKGAUQPI5FMGOCKM90N4CXV6EO,anti-vaccine analysis,please indicate whether the displayed tweet is anti-vaccine or pro-vaccine or neither.,"sentiment, text, vaccine",$0.01,Fri Apr 12 17:00:00 PDT 2019,5,BatchId:233848;OriginalHitTemplateId:921587277;,3600,259200,Fri Apr 19 17:00:00 PDT 2019,,,34J10VATJGM6SUWXVENW4O5DKRGIQJ,A5F89ZB75KLBW,Submitted,Fri Apr 12 17:23:03 PDT 2019,Fri Apr 12 17:23:08 PDT 2019,Mon Apr 15 17:23:08 PDT 2019,,,,5,100% (124/124),100% (124/124),100% (124/124),1.12E+18,185,RT @StephRosenstein: @neiltyson SCIENTISTS: We‚Äôve created this incredible vaccine to help rid humanity of life threatening diseases. RESPON‚Ä¶,,Pro-vaccine,,,,
3QGTX7BCHPQ07E5FLOIEIOHWDWJ5ZI,3WIABKGAUQPI5FMGOCKM90N4CXV6EO,anti-vaccine analysis,please indicate whether the displayed tweet is anti-vaccine or pro-vaccine or neither.,"sentiment, text, vaccine",$0.01,Fri Apr 12 17:00:05 PDT 2019,5,BatchId:233848;OriginalHitTemplateId:921587277;,3600,259200,Fri Apr 19 17:00:05 PDT 2019,,,3QAVNHZ3ENSGVFXMRLNN64I0XDOALI,A5F89ZB75KLBW,Submitted,Fri Apr 12 17:07:25 PDT 2019,Fri Apr 12 17:07:34 PDT 2019,Mon Apr 15 17:07:34 PDT 2019,,,,9,100% (124/124),100% (124/124),100% (124/124),1.12E+18,362,National shortage of school nurses complicates surge in students' health problems from allergies to suicide https://t.co/MMSMGCBGj1 via @usatoday,,Neither,,,,
3APP19WN712WZ1AO0F4UPNFQY10G6K,3WIABKGAUQPI5FMGOCKM90N4CXV6EO,anti-vaccine analysis,please indicate whether the displayed tweet is anti-vaccine or pro-vaccine or neither.,"sentiment, text, vaccine",$0.01,Fri Apr 12 17:00:18 PDT 2019,5,BatchId:233848;OriginalHitTemplateId:921587277;,3600,259200,Fri Apr 19 17:00:18 PDT 2019,,,3E337GFOLAW7T6DAPYVCFIXS031GN2,A5F89ZB75KLBW,Submitted,Fri Apr 12 17:27:19 PDT 2019,Fri Apr 12 17:27:23 PDT 2019,Mon Apr 15 17:27:23 PDT 2019,,,,4,100% (124/124),100% (124/124),100% (124/124),1.12E+18,248,RT @StephRosenstein: @neiltyson SCIENTISTS: We‚Äôve created this incredible vaccine to help rid humanity of life threatening diseases. RESPON‚Ä¶,,Pro-vaccine,,,,
3TZ0XG8CBU84O564FOVIHKPU0JV897,3WIABKGAUQPI5FMGOCKM90N4CXV6EO,anti-vaccine analysis,please indicate whether the displayed tweet is anti-vaccine or pro-vaccine or neither.,"sentiment, text, vaccine",$0.01,Fri Apr 12 17:00:09 PDT 2019,5,BatchId:233848;OriginalHitTemplateId:921587277;,3600,259200,Fri Apr 19 17:00:09 PDT 2019,,,338JKRMM27NE9JEW008PECPTGWFAHB,A5F89ZB75KLBW,Submitted,Fri Apr 12 17:04:30 PDT 2019,Fri Apr 12 17:05:34 PDT 2019,Mon Apr 15 17:05:34 PDT 2019,,,,64,100% (124/124),100% (124/124),100% (124/124),1.12E+18,316,@PaulRya69766372 @officialjenncam @Anthony_Mundine HPV is a new vaccine.,,Pro-vaccine,,,,
3QE4DGPGBRZIKE6AHRBFSPVC2AUG4Z,3WIABKGAUQPI5FMGOCKM90N4CXV6EO,anti-vaccine analysis,please indicate whether the displayed tweet is anti-vaccine or pro-vaccine or neither.,"sentiment, text, vaccine",$0.01,Fri Apr 12 17:00:16 PDT 2019,5,BatchId:233848;OriginalHitTemplateId:921587277;,3600,259200,Fri Apr 19 17:00:16 PDT 2019,,,3K9FOBBF2I7NFYRB0PSSSA20WKNNLF,A5F89ZB75KLBW,Submitted,Fri Apr 12 17:18:01 PDT 2019,Fri Apr 12 17:18:05 PDT 2019,Mon Apr 15 17:18:05 PDT 2019,,,,4,100% (124/124),100% (124/124),100% (124/124),1.12E+18,100,"RT @ViraBurnayeva: ""Water that contains more than 0.2 mg (200 mcg) #Aluminum per LITER should not be used for drinking or to prepare infant‚Ä¶",,Neither,,,,
3I6NF2WGIGK0GXAAVWUPXH1Q26PG54,3WIABKGAUQPI5FMGOCKM90N4CXV6EO,anti-vaccine analysis,please indicate whether the displayed tweet is anti-vaccine or pro-vaccine or neither.,"sentiment, text, vaccine",$0.01,Fri Apr 12 17:00:17 PDT 2019,5,BatchId:233848;OriginalHitTemplateId:921587277;,3600,259200,Fri Apr 19 17:00:17 PDT 2019,,,3FIUS151DWQ1JEWO2UIHPYOVZRFGGU,A5F89ZB75KLBW,Submitted,Fri Apr 12 17:21:07 PDT 2019,Fri Apr 12 17:21:11 PDT 2019,Mon Apr 15 17:21:11 PDT 2019,,,,4,100% (124/124),100% (124/124),100% (124/124),1.12E+18,181,@TebowCouch https://t.co/h1ttLRIen1,,Neither,,,,
3TRB893CSJYF31OTJP9MV1FMTCKG7J,3WIABKGAUQPI5FMGOCKM90N4CXV6EO,anti-vaccine analysis,please indicate whether the displayed tweet is anti-vaccine or pro-vaccine or neither.,"sentiment, text, vaccine",$0.01,Fri Apr 12 17:00:26 PDT 2019,5,BatchId:233848;OriginalHitTemplateId:921587277;,3600,259200,Fri Apr 19 17:00:26 PDT 2019,,,379J5II41P4JLSEY7QP92N8RISMLEO,A5F89ZB75KLBW,Submitted,Fri Apr 12 17:14:19 PDT 2019,Fri Apr 12 17:14:25 PDT 2019,Mon Apr 15 17:14:25 PDT 2019,,,,6,100% (124/124),100% (124/124),100% (124/124),1.12E+18,439,Minnesota Establishes Autism Council - The Vaccine Reaction https://t.co/uCH75NSOR7,,Anti-vaccine,,,,
3XU80RHWHZ428YDQMQ9EJ0Y9C5L440,3WIABKGAUQPI5FMGOCKM90N4CXV6EO,anti-vaccine analysis,please indicate whether the displayed tweet is anti-vaccine or pro-vaccine or neither.,"sentiment, text, vaccine",$0.01,Fri Apr 12 17:00:38 PDT 2019,5,BatchId:233848;OriginalHitTemplateId:921587277;,3600,259200,Fri Apr 19 17:00:38 PDT 2019,,,3DHE4R9OCXZB4KOH3FXSNUUUP8AG2B,A5F89ZB75KLBW,Submitted,Fri Apr 12 17:05:58 PDT 2019,Fri Apr 12 17:06:05 PDT 2019,Mon Apr 15 17:06:05 PDT 2019,,,,7,100% (124/124),100% (124/124),100% (124/124),1.12E+18,586,Minnesota Establishes Autism Council - The Vaccine Reaction https://t.co/uCH75NSOR7,anti-vaccine,Anti-vaccine,,,TRUE,
3THR0FZ95PH2AZUTB2N4JF6PFIGLOK,3WIABKGAUQPI5FMGOCKM90N4CXV6EO,anti-vaccine analysis,please indicate whether the displayed tweet is anti-vaccine or pro-vaccine or neither.,"sentiment, text, vaccine",$0.01,Fri Apr 12 17:10:38 PDT 2019,5,BatchId:233848;OriginalHitTemplateId:921587277;,3600,259200,Fri Apr 19 17:10:38 PDT 2019,,,3QRYMNZ7FZ5BYBZG9YUJE1CHQX9NTI,A5F89ZB75KLBW,Submitted,Fri Apr 12 17:24:30 PDT 2019,Fri Apr 12 17:24:35 PDT 2019,Mon Apr 15 17:24:35 PDT 2019,,,,5,100% (124/124),100% (124/124),100% (124/124),1.12E+18,219,"RT @GaviSeth: Today is the anniversary of the death of Maurice Hilleman, the American biologist who developed over 40 vaccines. We have him‚Ä¶",,Neither,,,,
3W0XM68YZPJ6U15AK0DSSJG2X71K1T,3WIABKGAUQPI5FMGOCKM90N4CXV6EO,anti-vaccine analysis,please indicate whether the displayed tweet is anti-vaccine or pro-vaccine or neither.,"sentiment, text, vaccine",$0.01,Fri Apr 12 17:10:38 PDT 2019,5,BatchId:233848;OriginalHitTemplateId:921587277;,3600,259200,Fri Apr 19 17:10:38 PDT 2019,,,3K5TEWLKGWZYX2SEHDH6AB4L1JVIVD,A5F89ZB75KLBW,Submitted,Fri Apr 12 17:26:10 PDT 2019,Fri Apr 12 17:26:18 PDT 2019,Mon Apr 15 17:26:18 PDT 2019,,,,8,100% (124/124),100% (124/124),100% (124/124),1.12E+18,117,"Only 2.6% of Oregon students are completely unvax  We exceed herd immunity level for each vaccine  Already have a process in place that requires unvax kids stay home in the event of an outbreak  We don't require teachers, staff, or volunteers be vaxxed  No on #hb3063 #orpol https://t.co/QPE9La8WNm",,Neither,,,,
32K26U12DNCE27FYZXBUVUSS22BDVY,3WIABKGAUQPI5FMGOCKM90N4CXV6EO,anti-vaccine analysis,please indicate whether the displayed tweet is anti-vaccine or pro-vaccine or neither.,"sentiment, text, vaccine",$0.01,Fri Apr 12 17:00:48 PDT 2019,5,BatchId:233848;OriginalHitTemplateId:921587277;,3600,259200,Fri Apr 19 17:00:48 PDT 2019,,,3WQQ9FUS6BIQZIIV3AEFWAG0VVAB8S,A5F89ZB75KLBW,Submitted,Fri Apr 12 17:23:15 PDT 2019,Fri Apr 12 17:23:24 PDT 2019,Mon Apr 15 17:23:24 PDT 2019,,,,9,100% (124/124),100% (124/124),100% (124/124),1.12E+18,337,Happy #NationalPetDay Today we spotlight 2015 Inductee Dr. Janet Yamamoto who has helped save many cats with her feline immunodeficiency virus vaccine. Be sure to celebrate today by getting cozy with your favorite fur babies! https://t.co/4XgShiG354,,Pro-vaccine,,,,
3E9VAUV7BW2X8U7RKY7CCSOGZGGAY2,3WIABKGAUQPI5FMGOCKM90N4CXV6EO,anti-vaccine analysis,please indicate whether the displayed tweet is anti-vaccine or pro-vaccine or neither.,"sentiment, text, vaccine",$0.01,Fri Apr 12 17:00:50 PDT 2019,5,BatchId:233848;OriginalHitTemplateId:921587277;,3600,259200,Fri Apr 19 17:00:50 PDT 2019,,,3KYQYYSHYWVMZ73VONUHOMU0DLQDO4,A5F89ZB75KLBW,Submitted,Fri Apr 12 17:19:37 PDT 2019,Fri Apr 12 17:19:43 PDT 2019,Mon Apr 15 17:19:43 PDT 2019,,,,6,100% (124/124),100% (124/124),100% (124/124),1.12E+18,246,@doctorsensation a social scientist researching vaccine safety. just what the world needed.,,Anti-vaccine,,,,
341YLJU21INMDRXI31SUKMBUX9QI2X,3WIABKGAUQPI5FMGOCKM90N4CXV6EO,anti-vaccine analysis,please indicate whether the displayed tweet is anti-vaccine or pro-vaccine or neither.,"sentiment, text, vaccine",$0.01,Fri Apr 12 17:00:51 PDT 2019,5,BatchId:233848;OriginalHitTemplateId:921587277;,3600,259200,Fri Apr 19 17:00:51 PDT 2019,,,3QL2OFSM976UCUX5NCZTPRCD2B9NCZ,A5F89ZB75KLBW,Submitted,Fri Apr 12 17:12:31 PDT 2019,Fri Apr 12 17:12:44 PDT 2019,Mon Apr 15 17:12:44 PDT 2019,,,,13,100% (124/124),100% (124/124),100% (124/124),1.12E+18,287,@AquaVelvaBoy @tammyhealy21 @kidoctr @ChrisJohnsonMD @HenningTveit @WendyOrent @doctorsensation Risks are low? Then why has there been $4+ billion paid in vaccine injury compensation with only about 1% of the cases being reported? So who's really being dishonest here?,,Anti-vaccine,,,,
3ZUE82NE0APDPFXHIAVARGB53HQ8FZ,3WIABKGAUQPI5FMGOCKM90N4CXV6EO,anti-vaccine analysis,please indicate whether the displayed tweet is anti-vaccine or pro-vaccine or neither.,"sentiment, text, vaccine",$0.01,Fri Apr 12 17:01:03 PDT 2019,5,BatchId:233848;OriginalHitTemplateId:921587277;,3600,259200,Fri Apr 19 17:01:03 PDT 2019,,,3G5W44VEU866L0S7SL3WNQGO68WGKX,A5F89ZB75KLBW,Submitted,Fri Apr 12 17:25:21 PDT 2019,Fri Apr 12 17:25:25 PDT 2019,Mon Apr 15 17:25:25 PDT 2019,,,,4,100% (124/124),100% (124/124),100% (124/124),1.12E+18,425,RT @Sonny5ideUp: Winner receives the vaccine https://t.co/8D1Ew04pVW,,Neither,,,,
3BKZLF990ZNPVAE89U4Y2S3L3Y2QYP,3WIABKGAUQPI5FMGOCKM90N4CXV6EO,anti-vaccine analysis,please indicate whether the displayed tweet is anti-vaccine or pro-vaccine or neither.,"sentiment, text, vaccine",$0.01,Fri Apr 12 17:10:38 PDT 2019,5,BatchId:233848;OriginalHitTemplateId:921587277;,3600,259200,Fri Apr 19 17:10:38 PDT 2019,,,3WMOAN2SRCLQB335ETUYFJ02NIPNVY,A5F89ZB75KLBW,Submitted,Fri Apr 12 17:27:47 PDT 2019,Fri Apr 12 17:27:51 PDT 2019,Mon Apr 15 17:27:51 PDT 2019,,,,4,100% (124/124),100% (124/124),100% (124/124),1.12E+18,462,@ceclindgren @WHO https://t.co/3Z2EJ7cdEm,,Neither,,,,
3KI0JD2ZU16D68ZN7C00JA2XZYH677,3WIABKGAUQPI5FMGOCKM90N4CXV6EO,anti-vaccine analysis,please indicate whether the displayed tweet is anti-vaccine or pro-vaccine or neither.,"sentiment, text, vaccine",$0.01,Fri Apr 12 17:01:03 PDT 2019,5,BatchId:233848;OriginalHitTemplateId:921587277;,3600,259200,Fri Apr 19 17:01:03 PDT 2019,,,3IKZ72A5B541F6HFEEPUXXXGZO1NFA,A5F89ZB75KLBW,Submitted,Fri Apr 12 17:13:29 PDT 2019,Fri Apr 12 17:13:34 PDT 2019,Mon Apr 15 17:13:34 PDT 2019,,,,5,100% (124/124),100% (124/124),100% (124/124),1.12E+18,601,RT @REGRET_ie: Getting the HPV vaccine ruined my life.. https://t.co/TZETBzJ8jC,anti-vaccine,Anti-vaccine,,,TRUE,
3X52SWXE0XTHC49PPBLFXQTOOB1WCR,3WIABKGAUQPI5FMGOCKM90N4CXV6EO,anti-vaccine analysis,please indicate whether the displayed tweet is anti-vaccine or pro-vaccine or neither.,"sentiment, text, vaccine",$0.01,Fri Apr 12 17:10:44 PDT 2019,5,BatchId:233848;OriginalHitTemplateId:921587277;,3600,259200,Fri Apr 19 17:10:44 PDT 2019,,,3P4MQ7TPPY091GG26MYPNC6131VBBR,A5F89ZB75KLBW,Submitted,Fri Apr 12 17:25:37 PDT 2019,Fri Apr 12 17:25:43 PDT 2019,Mon Apr 15 17:25:43 PDT 2019,,,,6,100% (124/124),100% (124/124),100% (124/124),1.12E+18,208,RT @Jimcorrsays: Did you know that since 1986 Vaccine Manufacturers cannot be sued because the amount of lawsuits against them at the time‚Ä¶,,Anti-vaccine,,,,
3M47JKRKCXPH6M46HHS6XAYSAIN68U,3WIABKGAUQPI5FMGOCKM90N4CXV6EO,anti-vaccine analysis,please indicate whether the displayed tweet is anti-vaccine or pro-vaccine or neither.,"sentiment, text, vaccine",$0.01,Fri Apr 12 17:01:30 PDT 2019,5,BatchId:233848;OriginalHitTemplateId:921587277;,3600,259200,Fri Apr 19 17:01:30 PDT 2019,,,32M8BPYGAUAFF52JSIIKAA1BE47GIM,A5F89ZB75KLBW,Submitted,Fri Apr 12 17:24:35 PDT 2019,Fri Apr 12 17:24:40 PDT 2019,Mon Apr 15 17:24:40 PDT 2019,,,,5,100% (124/124),100% (124/124),100% (124/124),1.12E+18,546,"RT @evo_kositz: Hi. Vaccinate your children. Measles infections wipe out your immunological memory, making it so much easier to get sick wi‚Ä¶",pro-vaccine,Pro-vaccine,,,TRUE,
3IHWR4LC7D1XZ6Z7JI1VUDOXJ9II80,3WIABKGAUQPI5FMGOCKM90N4CXV6EO,anti-vaccine analysis,please indicate whether the displayed tweet is anti-vaccine or pro-vaccine or neither.,"sentiment, text, vaccine",$0.01,Fri Apr 12 17:01:45 PDT 2019,5,BatchId:233848;OriginalHitTemplateId:921587277;,3600,259200,Fri Apr 19 17:01:45 PDT 2019,,,3OSWBBLG1FL9TGHNPEHD7ZLTPPVDX9,A5F89ZB75KLBW,Submitted,Fri Apr 12 17:24:11 PDT 2019,Fri Apr 12 17:24:15 PDT 2019,Mon Apr 15 17:24:15 PDT 2019,,,,4,100% (124/124),100% (124/124),100% (124/124),1.12E+18,382,"RT @MichelleRempel: Get vaccinated, and vaccinate your children. Herd immunity saves lives. There is no reason for anyone to contract or sp‚Ä¶",,Pro-vaccine,,,,
38EHZ67RIMGYO4VGNVBBEJCCO1FGMU,3WIABKGAUQPI5FMGOCKM90N4CXV6EO,anti-vaccine analysis,please indicate whether the displayed tweet is anti-vaccine or pro-vaccine or neither.,"sentiment, text, vaccine",$0.01,Fri Apr 12 17:01:54 PDT 2019,5,BatchId:233848;OriginalHitTemplateId:921587277;,3600,259200,Fri Apr 19 17:01:54 PDT 2019,,,3JJVG1YBECL7C0ZT5C7CKQ69T59B5Q,A5F89ZB75KLBW,Submitted,Fri Apr 12 17:20:07 PDT 2019,Fri Apr 12 17:20:31 PDT 2019,Mon Apr 15 17:20:31 PDT 2019,,,,24,100% (124/124),100% (124/124),100% (124/124),1.12E+18,384,@theebeaute I DNT KNW ABOUT NOW BUT I GOT EVERY VACCINE U CAN NAME LITERALLT WHEN I WAS KID FOR EVERYTHING SOME U SHOULD AND SOME U SHOULDN‚ÄôT,,Neither,,,,
3M7OI89LVYCJIPUJYT8BZWUB0986C0,3WIABKGAUQPI5FMGOCKM90N4CXV6EO,anti-vaccine analysis,please indicate whether the displayed tweet is anti-vaccine or pro-vaccine or neither.,"sentiment, text, vaccine",$0.01,Fri Apr 12 17:01:52 PDT 2019,5,BatchId:233848;OriginalHitTemplateId:921587277;,3600,259200,Fri Apr 19 17:01:52 PDT 2019,,,3JPSL1DZ5TN6JF073Y32JWMP28ONAX,A5F89ZB75KLBW,Submitted,Fri Apr 12 17:11:45 PDT 2019,Fri Apr 12 17:11:56 PDT 2019,Mon Apr 15 17:11:56 PDT 2019,,,,11,100% (124/124),100% (124/124),100% (124/124),1.12E+18,488,"RT @MichaelM_ACT: @Anthony_Mundine But that's not all you're saying. You literally said ""Don‚Äôt vaccine your kids period"".  No Facebook vide‚Ä¶",,Neither,,,,
3BS6ERDL93VTNH0XYP3MJ2CTL9K6D0,3WIABKGAUQPI5FMGOCKM90N4CXV6EO,anti-vaccine analysis,please indicate whether the displayed tweet is anti-vaccine or pro-vaccine or neither.,"sentiment, text, vaccine",$0.01,Fri Apr 12 17:02:07 PDT 2019,5,BatchId:233848;OriginalHitTemplateId:921587277;,3600,259200,Fri Apr 19 17:02:07 PDT 2019,,,3S96KQ6I9NS2CZ83K4GGIW0NCT7DTQ,A5F89ZB75KLBW,Submitted,Fri Apr 12 17:22:32 PDT 2019,Fri Apr 12 17:22:40 PDT 2019,Mon Apr 15 17:22:40 PDT 2019,,,,8,100% (124/124),100% (124/124),100% (124/124),1.12E+18,314,"RT @ViraBurnayeva: Dr. Rachael L Ross, pediatrician, MD, PhD: ""I apologize from the bottom of my heart to any children &amp; parents that I hav‚Ä¶",,Neither,,,,
3N7PQ0KLI5DZI4RFBIG8IHIUBUJE3V,3WIABKGAUQPI5FMGOCKM90N4CXV6EO,anti-vaccine analysis,please indicate whether the displayed tweet is anti-vaccine or pro-vaccine or neither.,"sentiment, text, vaccine",$0.01,Fri Apr 12 17:02:07 PDT 2019,5,BatchId:233848;OriginalHitTemplateId:921587277;,3600,259200,Fri Apr 19 17:02:07 PDT 2019,,,33F859I5671JSTJO6E8L9N9ZYE0BH7,A5F89ZB75KLBW,Submitted,Fri Apr 12 17:27:39 PDT 2019,Fri Apr 12 17:27:47 PDT 2019,Mon Apr 15 17:27:47 PDT 2019,,,,8,100% (124/124),100% (124/124),100% (124/124),1.12E+18,24,"Read below to know about the woman this mural is made after!  The first international nurse, a free smallpox vaccine, a travel of 3 years trough the Atlantic and 22 kids involved ;) https://t.co/hunWwx7hWh",,Pro-vaccine,,,,
3W0KKJIARRXO51PVJLM77T3ABD7K8D,3WIABKGAUQPI5FMGOCKM90N4CXV6EO,anti-vaccine analysis,please indicate whether the displayed tweet is anti-vaccine or pro-vaccine or neither.,"sentiment, text, vaccine",$0.01,Fri Apr 12 17:11:08 PDT 2019,5,BatchId:233848;OriginalHitTemplateId:921587277;,3600,259200,Fri Apr 19 17:11:08 PDT 2019,,,3EF8EXOTT2JE61WMSHIHFOC5PUDJ11,A5F89ZB75KLBW,Submitted,Fri Apr 12 17:29:18 PDT 2019,Fri Apr 12 17:29:35 PDT 2019,Mon Apr 15 17:29:35 PDT 2019,,,,17,100% (124/124),100% (124/124),100% (124/124),1.12E+18,333,@MichelleRempel Using it to relate to vaccines didn‚Äôt happen until the ‚Äò50‚Äôs when polio vaccine was made Artificial immunity is not the same.,,Pro-vaccine,,,,
3NZ1E5QA6ZP4PG2ZFA2BW6ATMTXB5I,3WIABKGAUQPI5FMGOCKM90N4CXV6EO,anti-vaccine analysis,please indicate whether the displayed tweet is anti-vaccine or pro-vaccine or neither.,"sentiment, text, vaccine",$0.01,Fri Apr 12 17:02:24 PDT 2019,5,BatchId:233848;OriginalHitTemplateId:921587277;,3600,259200,Fri Apr 19 17:02:24 PDT 2019,,,3FQ5JJ512MCCVS9TFPGRDAPL7KINKC,A5F89ZB75KLBW,Submitted,Fri Apr 12 17:17:09 PDT 2019,Fri Apr 12 17:17:14 PDT 2019,Mon Apr 15 17:17:14 PDT 2019,,,,5,100% (124/124),100% (124/124),100% (124/124),1.12E+18,46,"RT @business: Bill De Blasio's vaccination order is met with shrugs and defiance in Brooklyn, the center of the city's measles outbreak htt‚Ä¶",,Pro-vaccine,,,,
3IKDQS3DQEOZB9PK0UH0WZKG903IC6,3WIABKGAUQPI5FMGOCKM90N4CXV6EO,anti-vaccine analysis,please indicate whether the displayed tweet is anti-vaccine or pro-vaccine or neither.,"sentiment, text, vaccine",$0.01,Fri Apr 12 17:02:27 PDT 2019,5,BatchId:233848;OriginalHitTemplateId:921587277;,3600,259200,Fri Apr 19 17:02:27 PDT 2019,,,32XVDSJFP0LBWUK3EIVN0ZERLUMM2P,A5F89ZB75KLBW,Submitted,Fri Apr 12 17:28:40 PDT 2019,Fri Apr 12 17:28:44 PDT 2019,Mon Apr 15 17:28:44 PDT 2019,,,,4,100% (124/124),100% (124/124),100% (124/124),1.12E+18,445,@PositiveInCLE https://t.co/3Z2EJ7cdEm,,Neither,,,,
3FHTJGYT8NO497STFB33VN67T6QGPQ,3WIABKGAUQPI5FMGOCKM90N4CXV6EO,anti-vaccine analysis,please indicate whether the displayed tweet is anti-vaccine or pro-vaccine or neither.,"sentiment, text, vaccine",$0.01,Fri Apr 12 17:02:26 PDT 2019,5,BatchId:233848;OriginalHitTemplateId:921587277;,3600,259200,Fri Apr 19 17:02:26 PDT 2019,,,3YMU66OBIOWFJARZM00ZAY0WERSGHT,A5F89ZB75KLBW,Submitted,Fri Apr 12 17:21:56 PDT 2019,Fri Apr 12 17:22:02 PDT 2019,Mon Apr 15 17:22:02 PDT 2019,,,,6,100% (124/124),100% (124/124),100% (124/124),1.12E+18,96,We live in a world in which reading out loud the vaccine insert makes you a conspiracy theorist.  @MichelleRempel #InformedConsent https://t.co/5i4WuYzNU8,,Pro-vaccine,,,,
3IYI9285WSOV6K9QIC2080ZGMFSJCJ,3WIABKGAUQPI5FMGOCKM90N4CXV6EO,anti-vaccine analysis,please indicate whether the displayed tweet is anti-vaccine or pro-vaccine or neither.,"sentiment, text, vaccine",$0.01,Fri Apr 12 17:06:38 PDT 2019,5,BatchId:233848;OriginalHitTemplateId:921587277;,3600,259200,Fri Apr 19 17:06:38 PDT 2019,,,3RRCEFRB7N0PGHVTR7O2FY0VT9EB4L,A5F89ZB75KLBW,Submitted,Fri Apr 12 17:19:26 PDT 2019,Fri Apr 12 17:19:31 PDT 2019,Mon Apr 15 17:19:31 PDT 2019,,,,5,100% (124/124),100% (124/124),100% (124/124),1.12E+18,327,RT @StephRosenstein: @neiltyson SCIENTISTS: We‚Äôve created this incredible vaccine to help rid humanity of life threatening diseases. RESPON‚Ä¶,,Pro-vaccine,,,,
3P6ENY9P79KQSH00MMV17QHWMS8HIE,3WIABKGAUQPI5FMGOCKM90N4CXV6EO,anti-vaccine analysis,please indicate whether the displayed tweet is anti-vaccine or pro-vaccine or neither.,"sentiment, text, vaccine",$0.01,Fri Apr 12 17:06:45 PDT 2019,5,BatchId:233848;OriginalHitTemplateId:921587277;,3600,259200,Fri Apr 19 17:06:45 PDT 2019,,,3H8DHMCCWAZ39GIGQV2OH5DRTGGDKK,A5F89ZB75KLBW,Submitted,Fri Apr 12 17:17:54 PDT 2019,Fri Apr 12 17:18:00 PDT 2019,Mon Apr 15 17:18:00 PDT 2019,,,,6,100% (124/124),100% (124/124),100% (124/124),1.12E+18,12,Are you following a #Vaccine schedule? Here's what makes it so important and how to create one. #VaccineLaw https://t.co/RWX8Tq2CL4 https://t.co/wcuPNp4AI4,,Pro-vaccine,,,,
3YKP7CX6G23JCKGI33H8UQOPDZSB7X,3WIABKGAUQPI5FMGOCKM90N4CXV6EO,anti-vaccine analysis,please indicate whether the displayed tweet is anti-vaccine or pro-vaccine or neither.,"sentiment, text, vaccine",$0.01,Fri Apr 12 17:02:58 PDT 2019,5,BatchId:233848;OriginalHitTemplateId:921587277;,3600,259200,Fri Apr 19 17:02:58 PDT 2019,,,3WT783CTPC5SBL88KMUKYWCJLMVBCY,A5F89ZB75KLBW,Submitted,Fri Apr 12 17:26:46 PDT 2019,Fri Apr 12 17:26:50 PDT 2019,Mon Apr 15 17:26:50 PDT 2019,,,,4,100% (124/124),100% (124/124),100% (124/124),1.12E+18,309,RT @ForeignPolicy: A recent study found that thousands of Russian accounts used to spread disinformation had seized on anti-vaccine messagi‚Ä¶,,Neither,,,,
3BCRDCM0ODI11N67Q6P9NF7J5IH6KD,3WIABKGAUQPI5FMGOCKM90N4CXV6EO,anti-vaccine analysis,please indicate whether the displayed tweet is anti-vaccine or pro-vaccine or neither.,"sentiment, text, vaccine",$0.01,Fri Apr 12 17:03:03 PDT 2019,5,BatchId:233848;OriginalHitTemplateId:921587277;,3600,259200,Fri Apr 19 17:03:03 PDT 2019,,,31LVTDXBL8Y8UWJ3TW991U7AXHCLR1,A5F89ZB75KLBW,Submitted,Fri Apr 12 17:20:37 PDT 2019,Fri Apr 12 17:20:46 PDT 2019,Mon Apr 15 17:20:46 PDT 2019,,,,9,100% (124/124),100% (124/124),100% (124/124),1.12E+18,311,"""Rutgers University and BioViva USA, Inc. join forces to create a vaccine against aging""  American Association for the Advancement of Sciences AAAS press release via https://t.co/ryRyTPcdX6  #disruptaging #genetherapy #genomiccounseling",,Pro-vaccine,,,,
3MDWE879UHQNQ34BI0FS8MFV8PGB99,3WIABKGAUQPI5FMGOCKM90N4CXV6EO,anti-vaccine analysis,please indicate whether the displayed tweet is anti-vaccine or pro-vaccine or neither.,"sentiment, text, vaccine",$0.01,Fri Apr 12 17:03:12 PDT 2019,5,BatchId:233848;OriginalHitTemplateId:921587277;,3600,259200,Fri Apr 19 17:03:12 PDT 2019,,,3NKQQ8O39ZTHCCNSK96QNSMPV7EDUH,A5F89ZB75KLBW,Submitted,Fri Apr 12 17:22:57 PDT 2019,Fri Apr 12 17:23:03 PDT 2019,Mon Apr 15 17:23:03 PDT 2019,,,,6,100% (124/124),100% (124/124),100% (124/124),1.12E+18,454,RT @susan_welch7: HPV vaccine lawyer Mark Sadaka meets with 11 Japanese Attorneys https://t.co/qN8D2YEDqE,,Neither,,,,
3AXFSPQOYQM29WT09ES1G6KJJSKJFU,3WIABKGAUQPI5FMGOCKM90N4CXV6EO,anti-vaccine analysis,please indicate whether the displayed tweet is anti-vaccine or pro-vaccine or neither.,"sentiment, text, vaccine",$0.01,Fri Apr 12 17:06:54 PDT 2019,5,BatchId:233848;OriginalHitTemplateId:921587277;,3600,259200,Fri Apr 19 17:06:54 PDT 2019,,,3U4J9857OFZMZ4DCT5M9IAK5KB4B75,A5F89ZB75KLBW,Submitted,Fri Apr 12 17:22:23 PDT 2019,Fri Apr 12 17:22:32 PDT 2019,Mon Apr 15 17:22:32 PDT 2019,,,,9,100% (124/124),100% (124/124),100% (124/124),1.12E+18,472,"@ShimonRol ◊§◊®◊¢◊í ◊ì◊ô◊ô◊ü ◊ì◊ê◊ß◊ò◊¢◊® ◊ï◊ï◊ô◊§◊ô◊ú ◊¢◊® ◊î◊ê◊ò ◊í◊¢◊ú◊¢◊®◊†◊ò ◊ï◊ï◊¢◊í◊ü ◊ï◊ï◊ê◊ß◊°◊ô◊†◊¢◊ü ◊ê◊ô◊ü ◊ì◊ô ◊§◊ï◊§◊¶◊ü ◊ô◊ê◊®. ◊ê◊ô◊ö ◊î◊ê◊ë ◊í◊¢◊§◊®◊¢◊í◊ò ◊û◊ô◊ô◊ü ◊ì◊ê◊ß◊ò◊¢◊® ◊¢◊® ◊î◊ê◊ò ◊û◊ô◊® ◊í◊¢◊¢◊†◊ò◊§◊¢◊®◊ò ◊ë◊¢◊®◊ö ◊ë◊ñ◊î""◊ú: ""We study the disease and as far as vaccine saftey is concerned we need to trust the CDC"". ◊°◊ê ◊ß◊ï◊ù ◊û◊ô◊® ◊†◊ô◊©◊ò ◊û◊ô◊ò ◊ì◊ô ""◊§◊ï◊§◊¶◊ü ◊ô◊ê◊® ◊©◊ò◊ï◊ì◊ô◊®◊ò"" ◊ë◊ï◊ú◊©◊ô◊ò.",,Neither,,,,
3TKSOBLOHL46EWJ8GKTOZSALWPJBBJ,3WIABKGAUQPI5FMGOCKM90N4CXV6EO,anti-vaccine analysis,please indicate whether the displayed tweet is anti-vaccine or pro-vaccine or neither.,"sentiment, text, vaccine",$0.01,Fri Apr 12 17:03:17 PDT 2019,5,BatchId:233848;OriginalHitTemplateId:921587277;,3600,259200,Fri Apr 19 17:03:17 PDT 2019,,,36WLNQG780Y78JSMGD0FOKCM6Y8BER,A5F89ZB75KLBW,Submitted,Fri Apr 12 17:27:04 PDT 2019,Fri Apr 12 17:27:09 PDT 2019,Mon Apr 15 17:27:09 PDT 2019,,,,5,100% (124/124),100% (124/124),100% (124/124),1.12E+18,514,RT @StephRosenstein: @neiltyson SCIENTISTS: We‚Äôve created this incredible vaccine to help rid humanity of life threatening diseases. RESPON‚Ä¶,pro-vaccine,Pro-vaccine,,,TRUE,
32W3UF2EZO9532Q5F5FW2YAX4I2C4L,3WIABKGAUQPI5FMGOCKM90N4CXV6EO,anti-vaccine analysis,please indicate whether the displayed tweet is anti-vaccine or pro-vaccine or neither.,"sentiment, text, vaccine",$0.01,Fri Apr 12 17:07:17 PDT 2019,5,BatchId:233848;OriginalHitTemplateId:921587277;,3600,259200,Fri Apr 19 17:07:17 PDT 2019,,,3BEFOD78W7HLZ8ZQIWEBTEBP58IM4L,A5F89ZB75KLBW,Submitted,Fri Apr 12 17:30:00 PDT 2019,Fri Apr 12 17:30:05 PDT 2019,Mon Apr 15 17:30:05 PDT 2019,,,,5,100% (124/124),100% (124/124),100% (124/124),1.12E+18,542,"RT @GaviSeth: Today is the anniversary of the death of Maurice Hilleman, the American biologist who developed over 40 vaccines. We have him‚Ä¶",neither,Neither,,,TRUE,
3LN3BXKGC0JUTGPURXHYNHE3M3TGWL,3WIABKGAUQPI5FMGOCKM90N4CXV6EO,anti-vaccine analysis,please indicate whether the displayed tweet is anti-vaccine or pro-vaccine or neither.,"sentiment, text, vaccine",$0.01,Fri Apr 12 17:03:30 PDT 2019,5,BatchId:233848;OriginalHitTemplateId:921587277;,3600,259200,Fri Apr 19 17:03:30 PDT 2019,,,3XC1O3LBOTALABWVXLE4198SL29LTE,A5F89ZB75KLBW,Submitted,Fri Apr 12 17:22:07 PDT 2019,Fri Apr 12 17:22:23 PDT 2019,Mon Apr 15 17:22:23 PDT 2019,,,,16,100% (124/124),100% (124/124),100% (124/124),1.12E+18,149,RT @dpmlawfirm: Vaccine Hysteria reigns https://t.co/8nW94pQbzI,,Anti-vaccine,,,,
3TKXBROM5TYMJNVQAMYMJ3XBZKCIJK,3WIABKGAUQPI5FMGOCKM90N4CXV6EO,anti-vaccine analysis,please indicate whether the displayed tweet is anti-vaccine or pro-vaccine or neither.,"sentiment, text, vaccine",$0.01,Fri Apr 12 17:03:31 PDT 2019,5,BatchId:233848;OriginalHitTemplateId:921587277;,3600,259200,Fri Apr 19 17:03:31 PDT 2019,,,3GLB5JMZFYJY7UMX04H9JDLYMZZDGH,A5F89ZB75KLBW,Submitted,Fri Apr 12 17:15:38 PDT 2019,Fri Apr 12 17:15:45 PDT 2019,Mon Apr 15 17:15:45 PDT 2019,,,,7,100% (124/124),100% (124/124),100% (124/124),1.12E+18,184,RT @StephRosenstein: @neiltyson SCIENTISTS: We‚Äôve created this incredible vaccine to help rid humanity of life threatening diseases. RESPON‚Ä¶,,Pro-vaccine,,,,
36MUZ9VAE6QX0WTC47MKVQ46278EDT,3WIABKGAUQPI5FMGOCKM90N4CXV6EO,anti-vaccine analysis,please indicate whether the displayed tweet is anti-vaccine or pro-vaccine or neither.,"sentiment, text, vaccine",$0.01,Fri Apr 12 17:03:33 PDT 2019,5,BatchId:233848;OriginalHitTemplateId:921587277;,3600,259200,Fri Apr 19 17:03:33 PDT 2019,,,3ATPCQ38J9Y0VE4LA0CD0CKW6SSAYA,A5F89ZB75KLBW,Submitted,Fri Apr 12 17:13:39 PDT 2019,Fri Apr 12 17:13:45 PDT 2019,Mon Apr 15 17:13:45 PDT 2019,,,,6,100% (124/124),100% (124/124),100% (124/124),1.12E+18,593,"Mom Catches CBS Using Image of Her Vaccine-Injured Child, Falsely Claiming Measles Caused It https://t.co/PaHc1e52Hk",anti-vaccine,Anti-vaccine,,,TRUE,
3R4QIDVOJP02S27C02X418MR2J9EEM,3WIABKGAUQPI5FMGOCKM90N4CXV6EO,anti-vaccine analysis,please indicate whether the displayed tweet is anti-vaccine or pro-vaccine or neither.,"sentiment, text, vaccine",$0.01,Fri Apr 12 17:03:45 PDT 2019,5,BatchId:233848;OriginalHitTemplateId:921587277;,3600,259200,Fri Apr 19 17:03:45 PDT 2019,,,3AMW0RGHOEQD6J69SHLZ9RBK1UONPD,A5F89ZB75KLBW,Submitted,Fri Apr 12 17:22:40 PDT 2019,Fri Apr 12 17:22:57 PDT 2019,Mon Apr 15 17:22:57 PDT 2019,,,,17,100% (124/124),100% (124/124),100% (124/124),1.12E+18,109,"@MikeStobbe Measles outbreak does not call for violation of Constitution. 0 people have died since Sept 2018 outbreak, the vaccine injures, listen 10 seconds to Dr. Offit instructing drs to mislead the press https://t.co/6lwFE4uiwq",,Anti-vaccine,,,,
39AYGO6AFF829TRANJHPF7ONZDM6NI,3WIABKGAUQPI5FMGOCKM90N4CXV6EO,anti-vaccine analysis,please indicate whether the displayed tweet is anti-vaccine or pro-vaccine or neither.,"sentiment, text, vaccine",$0.01,Fri Apr 12 17:03:38 PDT 2019,5,BatchId:233848;OriginalHitTemplateId:921587277;,3600,259200,Fri Apr 19 17:03:38 PDT 2019,,,351SEKWQS15YZ4IJB7F4WI5VILBDMP,A5F89ZB75KLBW,Submitted,Fri Apr 12 17:18:20 PDT 2019,Fri Apr 12 17:18:25 PDT 2019,Mon Apr 15 17:18:25 PDT 2019,,,,5,100% (124/124),100% (124/124),100% (124/124),1.12E+18,531,RT @StephRosenstein: @neiltyson SCIENTISTS: We‚Äôve created this incredible vaccine to help rid humanity of life threatening diseases. RESPON‚Ä¶,pro-vaccine,Pro-vaccine,,,TRUE,
31N9JPQXIP6I6IBRJ28TCYDD8R2HNU,3WIABKGAUQPI5FMGOCKM90N4CXV6EO,anti-vaccine analysis,please indicate whether the displayed tweet is anti-vaccine or pro-vaccine or neither.,"sentiment, text, vaccine",$0.01,Fri Apr 12 17:07:24 PDT 2019,5,BatchId:233848;OriginalHitTemplateId:921587277;,3600,259200,Fri Apr 19 17:07:24 PDT 2019,,,3Y5140Z9DY4LSIVIV1874JF3FVUIPS,A5F89ZB75KLBW,Submitted,Fri Apr 12 17:21:39 PDT 2019,Fri Apr 12 17:21:44 PDT 2019,Mon Apr 15 17:21:44 PDT 2019,,,,5,100% (124/124),100% (124/124),100% (124/124),1.12E+18,192,RT @StephRosenstein: @neiltyson SCIENTISTS: We‚Äôve created this incredible vaccine to help rid humanity of life threatening diseases. RESPON‚Ä¶,,Pro-vaccine,,,,
3OREP8RUT2Z25DRJW6L2031IC2BBG0,3WIABKGAUQPI5FMGOCKM90N4CXV6EO,anti-vaccine analysis,please indicate whether the displayed tweet is anti-vaccine or pro-vaccine or neither.,"sentiment, text, vaccine",$0.01,Fri Apr 12 17:03:49 PDT 2019,5,BatchId:233848;OriginalHitTemplateId:921587277;,3600,259200,Fri Apr 19 17:03:49 PDT 2019,,,3Y4W8Q93L08HPRCSPZGVJEO89ENDV6,A5F89ZB75KLBW,Submitted,Fri Apr 12 17:23:24 PDT 2019,Fri Apr 12 17:23:35 PDT 2019,Mon Apr 15 17:23:35 PDT 2019,,,,11,100% (124/124),100% (124/124),100% (124/124),1.12E+18,21,"RT @JustinLehmiller: Scotland began a national vaccination program against #HPV in 2008 targeting 12-13 year old girls. Since then, they've‚Ä¶",,Pro-vaccine,,,,
3909MD9T2Z5UYG78VDHAJQ7REKOEF4,3WIABKGAUQPI5FMGOCKM90N4CXV6EO,anti-vaccine analysis,please indicate whether the displayed tweet is anti-vaccine or pro-vaccine or neither.,"sentiment, text, vaccine",$0.01,Fri Apr 12 17:03:50 PDT 2019,5,BatchId:233848;OriginalHitTemplateId:921587277;,3600,259200,Fri Apr 19 17:03:50 PDT 2019,,,3137ONMDKHT3Z00XWZSTPV3JMB0GED,A5F89ZB75KLBW,Submitted,Fri Apr 12 17:18:25 PDT 2019,Fri Apr 12 17:18:49 PDT 2019,Mon Apr 15 17:18:49 PDT 2019,,,,24,100% (124/124),100% (124/124),100% (124/124),1.12E+18,118,RT @Sonny5ideUp: Winner receives the vaccine https://t.co/8D1Ew04pVW,,Neither,,,,
35NNO802AVKI2DMBPKQECAES84HINO,3WIABKGAUQPI5FMGOCKM90N4CXV6EO,anti-vaccine analysis,please indicate whether the displayed tweet is anti-vaccine or pro-vaccine or neither.,"sentiment, text, vaccine",$0.01,Fri Apr 12 17:03:50 PDT 2019,5,BatchId:233848;OriginalHitTemplateId:921587277;,3600,259200,Fri Apr 19 17:03:50 PDT 2019,,,3G0WWMR1UW8Y6V7OSU0O9W1U6QANQ4,A5F89ZB75KLBW,Submitted,Fri Apr 12 17:23:08 PDT 2019,Fri Apr 12 17:23:14 PDT 2019,Mon Apr 15 17:23:14 PDT 2019,,,,6,100% (124/124),100% (124/124),100% (124/124),1.12E+18,552,"RT @MedResJourno: ""It‚Äôs very frustrating because measles is one of the most transmissible viruses known to man. And we have a vaccine that‚Äô‚Ä¶",pro-vaccine,Pro-vaccine,,,TRUE,
37ZQELHEQ0M4YWC2AZO643L9PD1NM9,3WIABKGAUQPI5FMGOCKM90N4CXV6EO,anti-vaccine analysis,please indicate whether the displayed tweet is anti-vaccine or pro-vaccine or neither.,"sentiment, text, vaccine",$0.01,Fri Apr 12 17:07:27 PDT 2019,5,BatchId:233848;OriginalHitTemplateId:921587277;,3600,259200,Fri Apr 19 17:07:27 PDT 2019,,,3GS6S824SRL3QS3A43ZU1LJGURRNW8,A5F89ZB75KLBW,Submitted,Fri Apr 12 17:28:08 PDT 2019,Fri Apr 12 17:28:27 PDT 2019,Mon Apr 15 17:28:27 PDT 2019,,,,19,100% (124/124),100% (124/124),100% (124/124),1.12E+18,69,@jonathanstea @CaulfieldTim @cometeclipse So basically you just called a quarter of the parents in the province of Quebec idiots (based on current stats). Divisive language does not help. There are problems. The vaccine industry must help to fix these problems or continue to build a wall &amp; attack ppl. Its up to them.,,Neither,,,,
368IUKXGA5W2CE3N3YUHJWTIZSN6PE,3WIABKGAUQPI5FMGOCKM90N4CXV6EO,anti-vaccine analysis,please indicate whether the displayed tweet is anti-vaccine or pro-vaccine or neither.,"sentiment, text, vaccine",$0.01,Fri Apr 12 17:03:53 PDT 2019,5,BatchId:233848;OriginalHitTemplateId:921587277;,3600,259200,Fri Apr 19 17:03:53 PDT 2019,,,3MB8LZR5BGHM7S683C0C0ILW2PILK8,A5F89ZB75KLBW,Submitted,Fri Apr 12 17:17:42 PDT 2019,Fri Apr 12 17:17:54 PDT 2019,Mon Apr 15 17:17:54 PDT 2019,,,,12,100% (124/124),100% (124/124),100% (124/124),1.12E+18,73,"Measles: no vaccine, come another time. The interest in measles vaccination is increasing and the state is urging the Czechs to be vaccinated. https://t.co/o7xsM6FgJ0 via @iDNEScz @GIRPBrussels",,Pro-vaccine,,,,
37VE3DA4YU5G59MUGC3KL3DJR2OBHZ,3WIABKGAUQPI5FMGOCKM90N4CXV6EO,anti-vaccine analysis,please indicate whether the displayed tweet is anti-vaccine or pro-vaccine or neither.,"sentiment, text, vaccine",$0.01,Fri Apr 12 17:03:56 PDT 2019,5,BatchId:233848;OriginalHitTemplateId:921587277;,3600,259200,Fri Apr 19 17:03:56 PDT 2019,,,3EA3QWIZ4JJJKAOPCIHR9TG04YFITX,A5F89ZB75KLBW,Submitted,Fri Apr 12 17:25:32 PDT 2019,Fri Apr 12 17:25:36 PDT 2019,Mon Apr 15 17:25:36 PDT 2019,,,,4,100% (124/124),100% (124/124),100% (124/124),1.12E+18,558,RT @SarahWa26114248: @The_ClaireWitch @Charbrevolution @glovoi_net @Charley_ZanMato @forrestmaready Fine? Like the 98 million people who we‚Ä¶,neither,Neither,,,TRUE,
373L46LKP7UDPILEAPJYWJCORO1JKW,3WIABKGAUQPI5FMGOCKM90N4CXV6EO,anti-vaccine analysis,please indicate whether the displayed tweet is anti-vaccine or pro-vaccine or neither.,"sentiment, text, vaccine",$0.01,Fri Apr 12 17:07:28 PDT 2019,5,BatchId:233848;OriginalHitTemplateId:921587277;,3600,259200,Fri Apr 19 17:07:28 PDT 2019,,,38SKSKU7R2LV1XGK39F0N26JALTILU,A5F89ZB75KLBW,Submitted,Fri Apr 12 17:18:05 PDT 2019,Fri Apr 12 17:18:15 PDT 2019,Mon Apr 15 17:18:15 PDT 2019,,,,10,100% (124/124),100% (124/124),100% (124/124),1.12E+18,70,@DanielBayley80 @DoctorChristian 1 might ask how you feel about orchestrated population destruction.  This vaccine brings with it a situation that makes it very hard for populations to reproduce at anywhere near the same rate. https://t.co/xXNG5PoAhq,,Anti-vaccine,,,,
34OWYT6U3W5XDBIHOA79U9J83F09IG,3WIABKGAUQPI5FMGOCKM90N4CXV6EO,anti-vaccine analysis,please indicate whether the displayed tweet is anti-vaccine or pro-vaccine or neither.,"sentiment, text, vaccine",$0.01,Fri Apr 12 17:07:40 PDT 2019,5,BatchId:233848;OriginalHitTemplateId:921587277;,3600,259200,Fri Apr 19 17:07:40 PDT 2019,,,3OVHNO1VE7PYYBH2QW5Y4K14XPTDZ6,A5F89ZB75KLBW,Submitted,Fri Apr 12 17:26:04 PDT 2019,Fri Apr 12 17:26:10 PDT 2019,Mon Apr 15 17:26:10 PDT 2019,,,,6,100% (124/124),100% (124/124),100% (124/124),1.12E+18,120,@CTVNews When did people start getting so stupid about vaccines? One guy writes a book and 1 former Playmate agrees with him then people jump on the anti vaccine wagon. Look at the history of what vaccines have done.,,Pro-vaccine,,,,
3MZ3TAMYTLB3HBE3IR7VLUJ2916IRC,3WIABKGAUQPI5FMGOCKM90N4CXV6EO,anti-vaccine analysis,please indicate whether the displayed tweet is anti-vaccine or pro-vaccine or neither.,"sentiment, text, vaccine",$0.01,Fri Apr 12 17:04:03 PDT 2019,5,BatchId:233848;OriginalHitTemplateId:921587277;,3600,259200,Fri Apr 19 17:04:03 PDT 2019,,,3FTOP5WARGCEZCB4WYEH1JTVK27J0Y,A5F89ZB75KLBW,Submitted,Fri Apr 12 17:29:10 PDT 2019,Fri Apr 12 17:29:18 PDT 2019,Mon Apr 15 17:29:18 PDT 2019,,,,8,100% (124/124),100% (124/124),100% (124/124),1.12E+18,230,"RT @CBSThisMorning: The role of the school nurse is more critical than ever, with a quarter of all young children suffering some kind of ch‚Ä¶",,Neither,,,,
3IVKZBIBJ0XFMV3WRYPFBSNJVQAHS6,3WIABKGAUQPI5FMGOCKM90N4CXV6EO,anti-vaccine analysis,please indicate whether the displayed tweet is anti-vaccine or pro-vaccine or neither.,"sentiment, text, vaccine",$0.01,Fri Apr 12 17:07:40 PDT 2019,5,BatchId:233848;OriginalHitTemplateId:921587277;,3600,259200,Fri Apr 19 17:07:40 PDT 2019,,,3Z2R0DQ0JI2DK6SQXK74NR9ICSVE2S,A5F89ZB75KLBW,Submitted,Fri Apr 12 17:28:03 PDT 2019,Fri Apr 12 17:28:08 PDT 2019,Mon Apr 15 17:28:08 PDT 2019,,,,5,100% (124/124),100% (124/124),100% (124/124),1.12E+18,11,RT @BeckyJohnson222: @kidoctr @rugbyrhino16 @mmelgar09 @doritmi @Monstercoyliar @MAhealthforkids @seaglass34 @StopVaxxedLies @itsmepanda1 @‚Ä¶,,Neither,,,,
3EHVO81VN59FSB42EFAVFR0A5QXH1M,3WIABKGAUQPI5FMGOCKM90N4CXV6EO,anti-vaccine analysis,please indicate whether the displayed tweet is anti-vaccine or pro-vaccine or neither.,"sentiment, text, vaccine",$0.01,Fri Apr 12 17:04:03 PDT 2019,5,BatchId:233848;OriginalHitTemplateId:921587277;,3600,259200,Fri Apr 19 17:04:03 PDT 2019,,,3WI0P0II62GPWKVBGFBLIHZ5O8ADRD,A5F89ZB75KLBW,Submitted,Fri Apr 12 17:21:11 PDT 2019,Fri Apr 12 17:21:23 PDT 2019,Mon Apr 15 17:21:23 PDT 2019,,,,12,100% (124/124),100% (124/124),100% (124/124),1.12E+18,401,"@ShimonRol Since 1992, vaccine manufacturers have contributed $7.67 billion to the FDA  ---  The CDC recommends at least 3 pneumococcal vaccines for each child before 6 months of age. Pfizer has $8,386,013.00 contract with the CDC to manufacture the Prevnar 13 (a pneumococcal vaccine)",,Pro-vaccine,,,,
359AP8GAGG82MP8OH3D35AU7VKSC75,3WIABKGAUQPI5FMGOCKM90N4CXV6EO,anti-vaccine analysis,please indicate whether the displayed tweet is anti-vaccine or pro-vaccine or neither.,"sentiment, text, vaccine",$0.01,Fri Apr 12 17:07:38 PDT 2019,5,BatchId:233848;OriginalHitTemplateId:921587277;,3600,259200,Fri Apr 19 17:07:38 PDT 2019,,,3B1NLC6UG0K7WRPN5D84J72N0I2GPY,A5F89ZB75KLBW,Submitted,Fri Apr 12 17:27:51 PDT 2019,Fri Apr 12 17:27:56 PDT 2019,Mon Apr 15 17:27:56 PDT 2019,,,,5,100% (124/124),100% (124/124),100% (124/124),1.12E+18,407,RT @NYCHealthCommr: Thanks to Rabbi Dr. Aaron Glatt for taking a stand against anti-vaxxers and sharing the science-based evidence that the‚Ä¶,,Pro-vaccine,,,,
3B9XR6P1WEJCWFHK4C65XGTY4USBJ4,3WIABKGAUQPI5FMGOCKM90N4CXV6EO,anti-vaccine analysis,please indicate whether the displayed tweet is anti-vaccine or pro-vaccine or neither.,"sentiment, text, vaccine",$0.01,Fri Apr 12 17:04:16 PDT 2019,5,BatchId:233848;OriginalHitTemplateId:921587277;,3600,259200,Fri Apr 19 17:04:16 PDT 2019,,,3GD6L00D3TL47927VEV9VG4MTO8M18,A5F89ZB75KLBW,Submitted,Fri Apr 12 17:26:50 PDT 2019,Fri Apr 12 17:26:55 PDT 2019,Mon Apr 15 17:26:55 PDT 2019,,,,5,100% (124/124),100% (124/124),100% (124/124),1.12E+18,119,RT @Mileystan3: @NYCMayor Hopefully you will be run out of town on a rail by mothers of vaccine injured children https://t.co/Mf6eJekAXk,,Anti-vaccine,,,,
351S7I5UG9KEXO6H72BEOBTSLJ6JN1,3WIABKGAUQPI5FMGOCKM90N4CXV6EO,anti-vaccine analysis,please indicate whether the displayed tweet is anti-vaccine or pro-vaccine or neither.,"sentiment, text, vaccine",$0.01,Fri Apr 12 17:07:39 PDT 2019,5,BatchId:233848;OriginalHitTemplateId:921587277;,3600,259200,Fri Apr 19 17:07:39 PDT 2019,,,337RC3OW06Q0N30K2GEJ2RWDINPLVU,A5F89ZB75KLBW,Submitted,Fri Apr 12 17:23:40 PDT 2019,Fri Apr 12 17:23:47 PDT 2019,Mon Apr 15 17:23:47 PDT 2019,,,,7,100% (124/124),100% (124/124),100% (124/124),1.12E+18,299,@JennyCumbria @BellHappe @DoctorChristian Why would you believe this vaccine is safe from a deviant Dr?,,Anti-vaccine,,,,
3TTPFEFXCT8AZX5ZKLMCANRRD1DH6K,3WIABKGAUQPI5FMGOCKM90N4CXV6EO,anti-vaccine analysis,please indicate whether the displayed tweet is anti-vaccine or pro-vaccine or neither.,"sentiment, text, vaccine",$0.01,Fri Apr 12 17:04:19 PDT 2019,5,BatchId:233848;OriginalHitTemplateId:921587277;,3600,259200,Fri Apr 19 17:04:19 PDT 2019,,,3X73LLYYQ22LT28L94DU0I9TF3ENH8,A5F89ZB75KLBW,Submitted,Fri Apr 12 17:14:58 PDT 2019,Fri Apr 12 17:15:03 PDT 2019,Mon Apr 15 17:15:03 PDT 2019,,,,5,100% (124/124),100% (124/124),100% (124/124),1.12E+18,5,"RT @MichelleRempel: Get vaccinated, and vaccinate your children. Herd immunity saves lives. There is no reason for anyone to contract or sp‚Ä¶",,Pro-vaccine,,,,
3BPP3MA3TC8GY8H4HOK8E3CBBGAEL9,3WIABKGAUQPI5FMGOCKM90N4CXV6EO,anti-vaccine analysis,please indicate whether the displayed tweet is anti-vaccine or pro-vaccine or neither.,"sentiment, text, vaccine",$0.01,Fri Apr 12 17:04:20 PDT 2019,5,BatchId:233848;OriginalHitTemplateId:921587277;,3600,259200,Fri Apr 19 17:04:20 PDT 2019,,,3SEPORI8WON004EQ6MEWEJTYCMWAZ1,A5F89ZB75KLBW,Submitted,Fri Apr 12 17:13:46 PDT 2019,Fri Apr 12 17:13:52 PDT 2019,Mon Apr 15 17:13:52 PDT 2019,,,,6,100% (124/124),100% (124/124),100% (124/124),1.12E+18,42,RT @ForeignPolicy: A recent study found that thousands of Russian accounts used to spread disinformation had seized on anti-vaccine messagi‚Ä¶,,Neither,,,,
3WKGUBL7SZAY66KBSI8V5H0KYRGL4A,3WIABKGAUQPI5FMGOCKM90N4CXV6EO,anti-vaccine analysis,please indicate whether the displayed tweet is anti-vaccine or pro-vaccine or neither.,"sentiment, text, vaccine",$0.01,Fri Apr 12 17:07:47 PDT 2019,5,BatchId:233848;OriginalHitTemplateId:921587277;,3600,259200,Fri Apr 19 17:07:47 PDT 2019,,,3P1L2B7AD2D5XJRN14S57Z25MUSLOS,A5F89ZB75KLBW,Submitted,Fri Apr 12 17:19:44 PDT 2019,Fri Apr 12 17:19:50 PDT 2019,Mon Apr 15 17:19:50 PDT 2019,,,,6,100% (124/124),100% (124/124),100% (124/124),1.12E+18,364,"RT @MedResJourno: ""It‚Äôs very frustrating because measles is one of the most transmissible viruses known to man. And we have a vaccine that‚Äô‚Ä¶",,Pro-vaccine,,,,
31ANT7FQN8QEGT5LF2C7IHDRH62H54,3WIABKGAUQPI5FMGOCKM90N4CXV6EO,anti-vaccine analysis,please indicate whether the displayed tweet is anti-vaccine or pro-vaccine or neither.,"sentiment, text, vaccine",$0.01,Fri Apr 12 17:04:19 PDT 2019,5,BatchId:233848;OriginalHitTemplateId:921587277;,3600,259200,Fri Apr 19 17:04:19 PDT 2019,,,3K9FOBBF2I7NFYRB0PSSSA20WKNLND,A5F89ZB75KLBW,Submitted,Fri Apr 12 17:19:22 PDT 2019,Fri Apr 12 17:19:26 PDT 2019,Mon Apr 15 17:19:26 PDT 2019,,,,4,100% (124/124),100% (124/124),100% (124/124),1.12E+18,449,RT @Sonny5ideUp: Winner receives the vaccine https://t.co/8D1Ew04pVW,,Neither,,,,
3D1TUISJWIOVX36KML20Q56MG0AIUG,3WIABKGAUQPI5FMGOCKM90N4CXV6EO,anti-vaccine analysis,please indicate whether the displayed tweet is anti-vaccine or pro-vaccine or neither.,"sentiment, text, vaccine",$0.01,Fri Apr 12 17:04:33 PDT 2019,5,BatchId:233848;OriginalHitTemplateId:921587277;,3600,259200,Fri Apr 19 17:04:33 PDT 2019,,,3JZQSN0I3RYV5E0TRACZ7DOJYCFGFV,A5F89ZB75KLBW,Submitted,Fri Apr 12 17:20:51 PDT 2019,Fri Apr 12 17:21:07 PDT 2019,Mon Apr 15 17:21:07 PDT 2019,,,,16,100% (124/124),100% (124/124),100% (124/124),1.12E+18,152,RT @VaxResources: Group B Strep (GBS) is a leading cause of sepsis &amp; #meningitis in young infants worldwide. No licensed vaccine exists yet‚Ä¶,,Pro-vaccine,,,,
3UXQ63NLAAAIR55K7XIIDV6Q8JXBL6,3WIABKGAUQPI5FMGOCKM90N4CXV6EO,anti-vaccine analysis,please indicate whether the displayed tweet is anti-vaccine or pro-vaccine or neither.,"sentiment, text, vaccine",$0.01,Fri Apr 12 17:04:33 PDT 2019,5,BatchId:233848;OriginalHitTemplateId:921587277;,3600,259200,Fri Apr 19 17:04:33 PDT 2019,,,3OS4RQUCRA3ZEXSIBOKL62XMIZNBF9,A5F89ZB75KLBW,Submitted,Fri Apr 12 17:27:10 PDT 2019,Fri Apr 12 17:27:14 PDT 2019,Mon Apr 15 17:27:14 PDT 2019,,,,4,100% (124/124),100% (124/124),100% (124/124),1.12E+18,578,"RT @MichelleRempel: Get vaccinated, and vaccinate your children. Herd immunity saves lives. There is no reason for anyone to contract or sp‚Ä¶",pro-vaccine,Pro-vaccine,,,TRUE,
371DNNCG44QN8KFIDU0Z8KQ6UQY8T7,3WIABKGAUQPI5FMGOCKM90N4CXV6EO,anti-vaccine analysis,please indicate whether the displayed tweet is anti-vaccine or pro-vaccine or neither.,"sentiment, text, vaccine",$0.01,Fri Apr 12 17:04:33 PDT 2019,5,BatchId:233848;OriginalHitTemplateId:921587277;,3600,259200,Fri Apr 19 17:04:33 PDT 2019,,,3S3AMIZX3VTLQI6SYILQTM0JO77DC7,A5F89ZB75KLBW,Submitted,Fri Apr 12 17:13:22 PDT 2019,Fri Apr 12 17:13:29 PDT 2019,Mon Apr 15 17:13:29 PDT 2019,,,,7,100% (124/124),100% (124/124),100% (124/124),1.12E+18,213,"The Centers for Disease Control and Prevention recommends all children get two doses of measles vaccine, which it says is 97% effective. https://t.co/uQY5MbzuOL",,Pro-vaccine,,,,
3U74KRR67M98BR2MJWPIQHG1JLXNTA,3WIABKGAUQPI5FMGOCKM90N4CXV6EO,anti-vaccine analysis,please indicate whether the displayed tweet is anti-vaccine or pro-vaccine or neither.,"sentiment, text, vaccine",$0.01,Fri Apr 12 17:08:07 PDT 2019,5,BatchId:233848;OriginalHitTemplateId:921587277;,3600,259200,Fri Apr 19 17:08:07 PDT 2019,,,3AWETUDC93GF6MXOIA69VHHHPU1IZD,A5F89ZB75KLBW,Submitted,Fri Apr 12 17:28:58 PDT 2019,Fri Apr 12 17:29:10 PDT 2019,Mon Apr 15 17:29:10 PDT 2019,,,,12,100% (124/124),100% (124/124),100% (124/124),1.12E+18,438,"In Mozambique, some 2,772 cases of #cholera have been reported, with six people succumbing to the disease. Thousands of people have received oral cholera vaccine during a six-day emergency campaign. https://t.co/t52Lw9EubB #CycloneIdai",,Pro-vaccine,,,,
3X2LT8FDHW6F01JC8Z5AV4X5YKG8WX,3WIABKGAUQPI5FMGOCKM90N4CXV6EO,anti-vaccine analysis,please indicate whether the displayed tweet is anti-vaccine or pro-vaccine or neither.,"sentiment, text, vaccine",$0.01,Fri Apr 12 17:04:52 PDT 2019,5,BatchId:233848;OriginalHitTemplateId:921587277;,3600,259200,Fri Apr 19 17:04:52 PDT 2019,,,3MMN5BL1W0S0HCGMII9SJ9JJR8MM30,A5F89ZB75KLBW,Submitted,Fri Apr 12 17:29:46 PDT 2019,Fri Apr 12 17:29:52 PDT 2019,Mon Apr 15 17:29:52 PDT 2019,,,,6,100% (124/124),100% (124/124),100% (124/124),1.12E+18,447,@Finnpal https://t.co/3Z2EJ7cdEm,,Neither,,,,
3WRKFXQBOBVCECQPWMZPTQCZCOLIYE,3WIABKGAUQPI5FMGOCKM90N4CXV6EO,anti-vaccine analysis,please indicate whether the displayed tweet is anti-vaccine or pro-vaccine or neither.,"sentiment, text, vaccine",$0.01,Fri Apr 12 17:04:52 PDT 2019,5,BatchId:233848;OriginalHitTemplateId:921587277;,3600,259200,Fri Apr 19 17:04:52 PDT 2019,,,37FMASSAYDFJOOU8CWQ69ZAEYRFBI0,A5F89ZB75KLBW,Submitted,Fri Apr 12 17:28:28 PDT 2019,Fri Apr 12 17:28:40 PDT 2019,Mon Apr 15 17:28:40 PDT 2019,,,,12,100% (124/124),100% (124/124),100% (124/124),1.12E+18,126,RT @Jordan_Sather_: Jews already filing into their attorney‚Äôs offices in New York to combat the mandatory vaccine order in Brooklyn declare‚Ä¶,,Anti-vaccine,,,,
34R3P23QHSP8TCK5B3ZG8HQ4136HWL,3WIABKGAUQPI5FMGOCKM90N4CXV6EO,anti-vaccine analysis,please indicate whether the displayed tweet is anti-vaccine or pro-vaccine or neither.,"sentiment, text, vaccine",$0.01,Fri Apr 12 17:08:13 PDT 2019,5,BatchId:233848;OriginalHitTemplateId:921587277;,3600,259200,Fri Apr 19 17:08:13 PDT 2019,,,3JV9LGBJWU2PBRDMQDVPU7XXQD6GOH,A5F89ZB75KLBW,Submitted,Fri Apr 12 17:27:34 PDT 2019,Fri Apr 12 17:27:39 PDT 2019,Mon Apr 15 17:27:39 PDT 2019,,,,5,100% (124/124),100% (124/124),100% (124/124),1.12E+18,533,RT @ForeignPolicy: A recent study found that thousands of Russian accounts used to spread disinformation had seized on anti-vaccine messagi‚Ä¶,neither,Neither,,,TRUE,
32ZCLEW0BZ8E09IUNHO6S0YNLY7JPX,3WIABKGAUQPI5FMGOCKM90N4CXV6EO,anti-vaccine analysis,please indicate whether the displayed tweet is anti-vaccine or pro-vaccine or neither.,"sentiment, text, vaccine",$0.01,Fri Apr 12 17:08:14 PDT 2019,5,BatchId:233848;OriginalHitTemplateId:921587277;,3600,259200,Fri Apr 19 17:08:14 PDT 2019,,,3TYCR1GOTD7HWN5U3D3MNX996YVLZU,A5F89ZB75KLBW,Submitted,Fri Apr 12 17:25:43 PDT 2019,Fri Apr 12 17:25:53 PDT 2019,Mon Apr 15 17:25:53 PDT 2019,,,,10,100% (124/124),100% (124/124),100% (124/124),1.12E+18,67,"@snidegrrl @DrGolfShirt Well, if Doctors explained to medically naive patients that they may feel somewhat unwell 4 a day or 2, that it's your body building immunities from the vaccine, you might not be hearing that, Kim. #CommunicationIsKey",,Pro-vaccine,,,,
3HO4MYYR12CF4JBJKKTBT2GH79F6UA,3WIABKGAUQPI5FMGOCKM90N4CXV6EO,anti-vaccine analysis,please indicate whether the displayed tweet is anti-vaccine or pro-vaccine or neither.,"sentiment, text, vaccine",$0.01,Fri Apr 12 17:05:15 PDT 2019,5,BatchId:233848;OriginalHitTemplateId:921587277;,3600,259200,Fri Apr 19 17:05:15 PDT 2019,,,34S6N1K2ZW7V5250XRXFNQ54A8ELH4,A5F89ZB75KLBW,Submitted,Fri Apr 12 17:17:15 PDT 2019,Fri Apr 12 17:17:20 PDT 2019,Mon Apr 15 17:17:20 PDT 2019,,,,5,100% (124/124),100% (124/124),100% (124/124),1.12E+18,277,RT @StephRosenstein: @neiltyson SCIENTISTS: We‚Äôve created this incredible vaccine to help rid humanity of life threatening diseases. RESPON‚Ä¶,,Pro-vaccine,,,,
37OPIVELUURBMZH2AY3OQSTD9K3HAA,3WIABKGAUQPI5FMGOCKM90N4CXV6EO,anti-vaccine analysis,please indicate whether the displayed tweet is anti-vaccine or pro-vaccine or neither.,"sentiment, text, vaccine",$0.01,Fri Apr 12 17:05:28 PDT 2019,5,BatchId:233848;OriginalHitTemplateId:921587277;,3600,259200,Fri Apr 19 17:05:28 PDT 2019,,,3UWN2HHPUZTAJBM1KYPT4WGVOEVNST,A5F89ZB75KLBW,Submitted,Fri Apr 12 17:24:20 PDT 2019,Fri Apr 12 17:24:24 PDT 2019,Mon Apr 15 17:24:24 PDT 2019,,,,4,100% (124/124),100% (124/124),100% (124/124),1.12E+18,133,"RT @MichelleRempel: Get vaccinated, and vaccinate your children. Herd immunity saves lives. There is no reason for anyone to contract or sp‚Ä¶",,Pro-vaccine,,,,
3PCPFX4U40EJVJXD44CAD7W5XNCQFS,3WIABKGAUQPI5FMGOCKM90N4CXV6EO,anti-vaccine analysis,please indicate whether the displayed tweet is anti-vaccine or pro-vaccine or neither.,"sentiment, text, vaccine",$0.01,Fri Apr 12 17:08:27 PDT 2019,5,BatchId:233848;OriginalHitTemplateId:921587277;,3600,259200,Fri Apr 19 17:08:27 PDT 2019,,,3IJXV6UZ1Y764VBX8TCW9EFIGDIIRK,A5F89ZB75KLBW,Submitted,Fri Apr 12 17:24:25 PDT 2019,Fri Apr 12 17:24:30 PDT 2019,Mon Apr 15 17:24:30 PDT 2019,,,,5,100% (124/124),100% (124/124),100% (124/124),1.12E+18,506,https://t.co/3Z2EJ7cdEm,neither,Neither,,,TRUE,
3S8A4GJRD3RFHY0JPA3GPOI0LGO6VZ,3WIABKGAUQPI5FMGOCKM90N4CXV6EO,anti-vaccine analysis,please indicate whether the displayed tweet is anti-vaccine or pro-vaccine or neither.,"sentiment, text, vaccine",$0.01,Fri Apr 12 17:05:23 PDT 2019,5,BatchId:233848;OriginalHitTemplateId:921587277;,3600,259200,Fri Apr 19 17:05:23 PDT 2019,,,3MAOD8E57RYIFS80E8VG34XN3TXNX1,A5F89ZB75KLBW,Submitted,Fri Apr 12 17:29:52 PDT 2019,Fri Apr 12 17:30:00 PDT 2019,Mon Apr 15 17:30:00 PDT 2019,,,,8,100% (124/124),100% (124/124),100% (124/124),1.12E+18,191,"RT @HelenEBedford: No upper age limit for MMR vaccine. One dose good, two better for best protection - 4 weeks between doses.  Lots of East‚Ä¶",,Pro-vaccine,,,,
3AC6MFV69K6CN7PAMQJN7LKMI5AHZB,3WIABKGAUQPI5FMGOCKM90N4CXV6EO,anti-vaccine analysis,please indicate whether the displayed tweet is anti-vaccine or pro-vaccine or neither.,"sentiment, text, vaccine",$0.01,Fri Apr 12 17:08:32 PDT 2019,5,BatchId:233848;OriginalHitTemplateId:921587277;,3600,259200,Fri Apr 19 17:08:32 PDT 2019,,,3LEP4MGT3HO2GDEMKIPVI2U16M7BDY,A5F89ZB75KLBW,Submitted,Fri Apr 12 17:26:55 PDT 2019,Fri Apr 12 17:27:04 PDT 2019,Mon Apr 15 17:27:04 PDT 2019,,,,9,100% (124/124),100% (124/124),100% (124/124),1.12E+18,52,"RT @CR_UK: Injecting immune cell stimulants directly into a tumour could teach the immune system to spot and attack cancer cells, according‚Ä¶",,Neither,,,,
3MD8CKRQZZBZCMY909SVXVY2MGVJRP,3WIABKGAUQPI5FMGOCKM90N4CXV6EO,anti-vaccine analysis,please indicate whether the displayed tweet is anti-vaccine or pro-vaccine or neither.,"sentiment, text, vaccine",$0.01,Fri Apr 12 17:08:32 PDT 2019,5,BatchId:233848;OriginalHitTemplateId:921587277;,3600,259200,Fri Apr 19 17:08:32 PDT 2019,,,3TVRFO09GL3SRS5F2VF1QCTYYYXLXX,A5F89ZB75KLBW,Submitted,Fri Apr 12 17:24:52 PDT 2019,Fri Apr 12 17:24:59 PDT 2019,Mon Apr 15 17:24:59 PDT 2019,,,,7,100% (124/124),100% (124/124),100% (124/124),1.12E+18,537,"Enesi Pharma &amp; Uni Oxford to Target Plague with Novel ImplaVax-enabled Adenovirus-based Solid Dose Vaccine https://t.co/tS7CyyCd8D @Enesi_Pharma @UniofOxford Find more than 4,000 UK &amp; Irish life science business news at [LSUK] at  https://t.co/2MWXX9dNS4 https://t.co/wlsAJy4oAE",pro-vaccine,Pro-vaccine,,,TRUE,
37VE3DA4YU5G59MUGC3KL3DJR2OHB5,3WIABKGAUQPI5FMGOCKM90N4CXV6EO,anti-vaccine analysis,please indicate whether the displayed tweet is anti-vaccine or pro-vaccine or neither.,"sentiment, text, vaccine",$0.01,Fri Apr 12 17:05:33 PDT 2019,5,BatchId:233848;OriginalHitTemplateId:921587277;,3600,259200,Fri Apr 19 17:05:33 PDT 2019,,,3NLZY2D53QD8IV43GHK9W4X51VALQ0,A5F89ZB75KLBW,Submitted,Fri Apr 12 17:20:00 PDT 2019,Fri Apr 12 17:20:07 PDT 2019,Mon Apr 15 17:20:07 PDT 2019,,,,7,100% (124/124),100% (124/124),100% (124/124),1.12E+18,530,@NYCMayor Hopefully you will be run out of town on a rail by mothers of vaccine injured children https://t.co/Mf6eJekAXk,anti-vaccine,Anti-vaccine,,,TRUE,
304QEQWKZP8PD357M91LLVE1CK5O0E,3WIABKGAUQPI5FMGOCKM90N4CXV6EO,anti-vaccine analysis,please indicate whether the displayed tweet is anti-vaccine or pro-vaccine or neither.,"sentiment, text, vaccine",$0.01,Fri Apr 12 17:08:38 PDT 2019,5,BatchId:233848;OriginalHitTemplateId:921587277;,3600,259200,Fri Apr 19 17:08:38 PDT 2019,,,3EWIJTFFVPV6OWPCIX3Q43G3FUBE08,A5F89ZB75KLBW,Submitted,Fri Apr 12 17:26:19 PDT 2019,Fri Apr 12 17:26:23 PDT 2019,Mon Apr 15 17:26:23 PDT 2019,,,,4,100% (124/124),100% (124/124),100% (124/124),1.12E+18,556,"De Blasio's vaccination order is met with shrugs and defiance in Brooklyn, the center of the city's measles outbreak @hgoldman77 https://t.co/eQuSv5alRd via @bpolitics",pro-vaccine,Pro-vaccine,,,TRUE,
3T8DUCXY0NUNMPYSIM6D8GLHEWGT9H,3WIABKGAUQPI5FMGOCKM90N4CXV6EO,anti-vaccine analysis,please indicate whether the displayed tweet is anti-vaccine or pro-vaccine or neither.,"sentiment, text, vaccine",$0.01,Fri Apr 12 17:08:47 PDT 2019,5,BatchId:233848;OriginalHitTemplateId:921587277;,3600,259200,Fri Apr 19 17:08:47 PDT 2019,,,3IAEQB9FMF8U4GCXF9LR5G7MGNPDWG,A5F89ZB75KLBW,Submitted,Fri Apr 12 17:24:05 PDT 2019,Fri Apr 12 17:24:10 PDT 2019,Mon Apr 15 17:24:10 PDT 2019,,,,5,100% (124/124),100% (124/124),100% (124/124),1.12E+18,105,"#Epstein-Barr @NIH: deux candidats #vaccinsüíâ produisent des #anticorps qui emp√™chent la fusion du #virusüëæ #EBV avec les cellules √©pith√©liales et les #lymphocyteB chez la #sourisüêÅ et le #singeüêí. Prochaine √©tape, des essais chez l'humainüôé‚Äç‚ôÇÔ∏èüôé‚Äç‚ôÄÔ∏è https://t.co/cJZpgXA9pD https://t.co/yTrpmqzqfo",,Neither,,,,
335HHSX8CDT9K6KEU8UQGT1JUN0HDC,3WIABKGAUQPI5FMGOCKM90N4CXV6EO,anti-vaccine analysis,please indicate whether the displayed tweet is anti-vaccine or pro-vaccine or neither.,"sentiment, text, vaccine",$0.01,Fri Apr 12 17:05:59 PDT 2019,5,BatchId:233848;OriginalHitTemplateId:921587277;,3600,259200,Fri Apr 19 17:05:59 PDT 2019,,,3KB8R4ZV1FV5SXODM8Q3ONXYJENBG8,A5F89ZB75KLBW,Submitted,Fri Apr 12 17:27:29 PDT 2019,Fri Apr 12 17:27:34 PDT 2019,Mon Apr 15 17:27:34 PDT 2019,,,,5,100% (124/124),100% (124/124),100% (124/124),1.12E+18,132,"RT @Stephenteap: My wife was one of the 90 women to die from this in 2017, the vaccine wasn't around when she was young, it is now. Protect‚Ä¶",,Pro-vaccine,,,,
3CIS7GGG657JHY4YQ2C95Q8UO73EU3,3WIABKGAUQPI5FMGOCKM90N4CXV6EO,anti-vaccine analysis,please indicate whether the displayed tweet is anti-vaccine or pro-vaccine or neither.,"sentiment, text, vaccine",$0.01,Fri Apr 12 17:05:56 PDT 2019,5,BatchId:233848;OriginalHitTemplateId:921587277;,3600,259200,Fri Apr 19 17:05:56 PDT 2019,,,3IFS6Q0HJJ7I5ABANIC1ZOKE2F1IS8,A5F89ZB75KLBW,Submitted,Fri Apr 12 17:24:40 PDT 2019,Fri Apr 12 17:24:52 PDT 2019,Mon Apr 15 17:24:52 PDT 2019,,,,12,100% (124/124),100% (124/124),100% (124/124),1.12E+18,238,RT @Telford_Russian: When is a #Vaccine not a Vaccine? Update from the Vaccine War Front  https://t.co/iXWXk7L9gy  @POTUS @realDonaldTrump‚Ä¶,,Neither,,,,
3TZ0XG8CBU84O564FOVIHKPU0JV988,3WIABKGAUQPI5FMGOCKM90N4CXV6EO,anti-vaccine analysis,please indicate whether the displayed tweet is anti-vaccine or pro-vaccine or neither.,"sentiment, text, vaccine",$0.01,Fri Apr 12 17:05:59 PDT 2019,5,BatchId:233848;OriginalHitTemplateId:921587277;,3600,259200,Fri Apr 19 17:05:59 PDT 2019,,,38SKSKU7R2LV1XGK39F0N26JALTLIX,A5F89ZB75KLBW,Submitted,Fri Apr 12 17:17:26 PDT 2019,Fri Apr 12 17:17:30 PDT 2019,Mon Apr 15 17:17:30 PDT 2019,,,,4,100% (124/124),100% (124/124),100% (124/124),1.12E+18,59,To Rival $AMZN UPS Enters Healthcare--with Doorstep Nurse Delivery . #innovation #UPS  #Amazon   https://t.co/KniicoHqxe https://t.co/AzjftsiAb2,,Pro-vaccine,,,,
3MJ28H2Y1EWO8AR8JF7X2QASTSGO5Z,3WIABKGAUQPI5FMGOCKM90N4CXV6EO,anti-vaccine analysis,please indicate whether the displayed tweet is anti-vaccine or pro-vaccine or neither.,"sentiment, text, vaccine",$0.01,Fri Apr 12 17:09:02 PDT 2019,5,BatchId:233848;OriginalHitTemplateId:921587277;,3600,259200,Fri Apr 19 17:09:02 PDT 2019,,,3ATTHHXXWBCQ1RX9HSIOYW16HU3IXG,A5F89ZB75KLBW,Submitted,Fri Apr 12 17:27:14 PDT 2019,Fri Apr 12 17:27:19 PDT 2019,Mon Apr 15 17:27:19 PDT 2019,,,,5,100% (124/124),100% (124/124),100% (124/124),1.12E+18,315,RT @REGRET_ie: Getting the HPV vaccine ruined my life.. https://t.co/TZETBzJ8jC,,Anti-vaccine,,,,
3IV1AEQ4DR1TUHJD10MV6E3XWO7J8D,3WIABKGAUQPI5FMGOCKM90N4CXV6EO,anti-vaccine analysis,please indicate whether the displayed tweet is anti-vaccine or pro-vaccine or neither.,"sentiment, text, vaccine",$0.01,Fri Apr 12 17:06:06 PDT 2019,5,BatchId:233848;OriginalHitTemplateId:921587277;,3600,259200,Fri Apr 19 17:06:06 PDT 2019,,,30ZX6P7VF9JLVMEIBLIVK7MAH0RJ2I,A5F89ZB75KLBW,Submitted,Fri Apr 12 17:29:35 PDT 2019,Fri Apr 12 17:29:46 PDT 2019,Mon Apr 15 17:29:46 PDT 2019,,,,11,100% (124/124),100% (124/124),100% (124/124),1.12E+18,261,RT @NVICLoeDown: Anti-Vaccine Japan Has World‚Äôs Lowest Child Death Rate &amp; Highest Life Expectancy Fact: Japan has the lowest infant mortali‚Ä¶,,Anti-vaccine,,,,
324N5FAHSXZMGDL8REXHZ7NIMB8KVI,3WIABKGAUQPI5FMGOCKM90N4CXV6EO,anti-vaccine analysis,please indicate whether the displayed tweet is anti-vaccine or pro-vaccine or neither.,"sentiment, text, vaccine",$0.01,Fri Apr 12 17:06:07 PDT 2019,5,BatchId:233848;OriginalHitTemplateId:921587277;,3600,259200,Fri Apr 19 17:06:07 PDT 2019,,,3F6KKYWMNCP4HM3JN8U49XUVNBLDNP,A5F89ZB75KLBW,Submitted,Fri Apr 12 17:19:04 PDT 2019,Fri Apr 12 17:19:21 PDT 2019,Mon Apr 15 17:19:21 PDT 2019,,,,17,100% (124/124),100% (124/124),100% (124/124),1.12E+18,63,"RT @PlumRemson: @dachte @Gothamist @GwynneFitz One can't discuss ""vaccines"" as a bundle. Each has its own risk/benefit profile per individu‚Ä¶",,Neither,,,,
3MIVREZQVHMUB5PR5F37TKOA5JTQKU,3WIABKGAUQPI5FMGOCKM90N4CXV6EO,anti-vaccine analysis,please indicate whether the displayed tweet is anti-vaccine or pro-vaccine or neither.,"sentiment, text, vaccine",$0.01,Fri Apr 12 17:09:04 PDT 2019,5,BatchId:233848;OriginalHitTemplateId:921587277;,3600,259200,Fri Apr 19 17:09:04 PDT 2019,,,3PXX5PX6LYM4I6BA08YTS1MVLJABAW,A5F89ZB75KLBW,Submitted,Fri Apr 12 17:24:15 PDT 2019,Fri Apr 12 17:24:20 PDT 2019,Mon Apr 15 17:24:20 PDT 2019,,,,5,100% (124/124),100% (124/124),100% (124/124),1.12E+18,492,@kuriousmind93 https://t.co/3Z2EJ7cdEm,,Neither,,,,
374UMBUHN5DPKN5VU6G4A6MPKHJTCY,3WIABKGAUQPI5FMGOCKM90N4CXV6EO,anti-vaccine analysis,please indicate whether the displayed tweet is anti-vaccine or pro-vaccine or neither.,"sentiment, text, vaccine",$0.01,Fri Apr 12 17:09:13 PDT 2019,5,BatchId:233848;OriginalHitTemplateId:921587277;,3600,259200,Fri Apr 19 17:09:13 PDT 2019,,,3BDCF01OGYIHRXVP7R139Q0704RLY3,A5F89ZB75KLBW,Submitted,Fri Apr 12 17:25:26 PDT 2019,Fri Apr 12 17:25:31 PDT 2019,Mon Apr 15 17:25:31 PDT 2019,,,,5,100% (124/124),100% (124/124),100% (124/124),1.12E+18,579,RT @luckykelsey: @DoctorChristian Anyone who has researched this vaccine properly would never allow it to be given to their child. No inert‚Ä¶,anti-vaccine,Anti-vaccine,,,TRUE,
36JW4WBR0686IQYALEPG4T4460GHFN,3WIABKGAUQPI5FMGOCKM90N4CXV6EO,anti-vaccine analysis,please indicate whether the displayed tweet is anti-vaccine or pro-vaccine or neither.,"sentiment, text, vaccine",$0.01,Fri Apr 12 17:06:17 PDT 2019,5,BatchId:233848;OriginalHitTemplateId:921587277;,3600,259200,Fri Apr 19 17:06:17 PDT 2019,,,34BBWHLWHBZBCRSJ7NM2WDNZ8SXIWN,A5F89ZB75KLBW,Submitted,Fri Apr 12 17:26:23 PDT 2019,Fri Apr 12 17:26:29 PDT 2019,Mon Apr 15 17:26:29 PDT 2019,,,,6,100% (124/124),100% (124/124),100% (124/124),1.12E+18,251,"RT @MikkoTaniegra: PURE SIBERIAN HUSKY FOR SALE üêæ  ‚Ä¢ DOB: january 19, 2019 ‚Ä¢ SEX: bot female ‚Ä¢ 2x vaccine ‚Ä¢ 2x deworm ‚Ä¢ with vaccine record‚Ä¶",,Neither,,,,
3R15W654VDH5VB79QFF88K1PUJYQLX,3WIABKGAUQPI5FMGOCKM90N4CXV6EO,anti-vaccine analysis,please indicate whether the displayed tweet is anti-vaccine or pro-vaccine or neither.,"sentiment, text, vaccine",$0.01,Fri Apr 12 17:09:19 PDT 2019,5,BatchId:233848;OriginalHitTemplateId:921587277;,3600,259200,Fri Apr 19 17:09:19 PDT 2019,,,3WEV0KO0ONG1XZVOV4BQ8R41AATDS1,A5F89ZB75KLBW,Submitted,Fri Apr 12 17:22:02 PDT 2019,Fri Apr 12 17:22:07 PDT 2019,Mon Apr 15 17:22:07 PDT 2019,,,,5,100% (124/124),100% (124/124),100% (124/124),1.12E+18,298,RT @StabellBenn: A very nice and nuances article about non-specific effects of vaccines #NSEvac - where I explain why I have entered the pu‚Ä¶,,Neither,,,,
3WPCIUYH1AWZPFB9U2BFUC475HVTDY,3WIABKGAUQPI5FMGOCKM90N4CXV6EO,anti-vaccine analysis,please indicate whether the displayed tweet is anti-vaccine or pro-vaccine or neither.,"sentiment, text, vaccine",$0.01,Fri Apr 12 17:09:28 PDT 2019,5,BatchId:233848;OriginalHitTemplateId:921587277;,3600,259200,Fri Apr 19 17:09:28 PDT 2019,,,3L2IS5HSFB6QYOE593KTJXYJ9BGNU9,A5F89ZB75KLBW,Submitted,Fri Apr 12 17:27:24 PDT 2019,Fri Apr 12 17:27:29 PDT 2019,Mon Apr 15 17:27:29 PDT 2019,,,,5,100% (124/124),100% (124/124),100% (124/124),1.12E+18,421,"RT @MichelleRempel: Get vaccinated, and vaccinate your children. Herd immunity saves lives. There is no reason for anyone to contract or sp‚Ä¶",,Pro-vaccine,,,,
3P888QFVX3ID1WA637V0015JPO3QOE,3WIABKGAUQPI5FMGOCKM90N4CXV6EO,anti-vaccine analysis,please indicate whether the displayed tweet is anti-vaccine or pro-vaccine or neither.,"sentiment, text, vaccine",$0.01,Fri Apr 12 17:09:34 PDT 2019,5,BatchId:233848;OriginalHitTemplateId:921587277;,3600,259200,Fri Apr 19 17:09:34 PDT 2019,,,34YB12FSQZC1BOSADXGC238SVDRGM2,A5F89ZB75KLBW,Submitted,Fri Apr 12 17:26:41 PDT 2019,Fri Apr 12 17:26:46 PDT 2019,Mon Apr 15 17:26:46 PDT 2019,,,,5,100% (124/124),100% (124/124),100% (124/124),1.12E+18,89,RT @ForeignPolicy: A recent study found that thousands of Russian accounts used to spread disinformation had seized on anti-vaccine messagi‚Ä¶,,Neither,,,,
3Z3R5YC0P3BWNZP5L865IC7SHUBTF9,3WIABKGAUQPI5FMGOCKM90N4CXV6EO,anti-vaccine analysis,please indicate whether the displayed tweet is anti-vaccine or pro-vaccine or neither.,"sentiment, text, vaccine",$0.01,Fri Apr 12 17:09:47 PDT 2019,5,BatchId:233848;OriginalHitTemplateId:921587277;,3600,259200,Fri Apr 19 17:09:47 PDT 2019,,,3B2X28YI3X33V4Z7AVHHCWK9P0KB66,A5F89ZB75KLBW,Submitted,Fri Apr 12 17:21:50 PDT 2019,Fri Apr 12 17:21:55 PDT 2019,Mon Apr 15 17:21:55 PDT 2019,,,,5,100% (124/124),100% (124/124),100% (124/124),1.12E+18,245,"RT @GaviSeth: Today is the anniversary of the death of Maurice Hilleman, the American biologist who developed over 40 vaccines. We have him‚Ä¶",,Neither,,,,
3ZTE0JGGCEG97V0NYPU5GWG2L92OC7,3WIABKGAUQPI5FMGOCKM90N4CXV6EO,anti-vaccine analysis,please indicate whether the displayed tweet is anti-vaccine or pro-vaccine or neither.,"sentiment, text, vaccine",$0.01,Fri Apr 12 17:09:47 PDT 2019,5,BatchId:233848;OriginalHitTemplateId:921587277;,3600,259200,Fri Apr 19 17:09:47 PDT 2019,,,320DUZ38G8ABAGMPA03KMBGBRJWGJY,A5F89ZB75KLBW,Submitted,Fri Apr 12 17:24:59 PDT 2019,Fri Apr 12 17:25:13 PDT 2019,Mon Apr 15 17:25:13 PDT 2019,,,,14,100% (124/124),100% (124/124),100% (124/124),1.12E+18,263,"@CardinalWayne @MichelleRempel You misunderstand. Vaccinated people in good health are immune. Some people have preexisting conditions meaning they can't take he vaccine, or become immunocompromised leaving them no longer totally immune.",,Pro-vaccine,,,,